scenario,seed,strategy,planned,valid,value_planned,value_delivered,value_ratio,sights_planned,sights_done,sights_lost,lost_travel_days,over_budget_pct,travel_hours,score,agent_runs,messages,field_checks,iterations,wall_ms
calm,0,full,True,True,12.874,12.874,1.0,17,17,0,0,0.0,5.6,0.8217,8,11,26,2,8.3
calm,0,greedy_order,True,True,11.91,11.91,0.9251,16,16,0,0,0.0,5.6,0.8142,8,11,24,2,2.8
calm,0,greedy_schedule,True,True,6.319,6.319,0.4908,7,7,0,0,0.0,5.6,0.8044,8,11,16,2,2.1
calm,0,restart,True,True,12.874,12.874,1.0,17,17,0,0,0.0,5.6,0.8217,11,14,26,2,8.6
calm,0,static,True,True,12.874,11.902,0.9245,17,16,1,0,0.0,5.6,0.8217,6,7,0,1,4.6
calm,1,full,True,True,7.481,7.481,1.0,12,12,0,0,0.0,4.4,0.7321,6,8,19,1,1.6
calm,1,greedy_order,True,True,7.481,7.481,1.0,12,12,0,0,0.0,4.4,0.7321,6,8,19,1,1.5
calm,1,greedy_schedule,True,True,4.284,4.284,0.5727,6,6,0,0,0.0,4.4,0.6919,6,8,13,1,1.2
calm,1,restart,True,True,7.481,7.481,1.0,12,12,0,0,0.0,4.4,0.7321,6,8,19,1,1.5
calm,1,static,True,True,7.481,7.481,1.0,12,12,0,0,0.0,4.4,0.7321,6,7,0,1,1.5
calm,2,full,True,True,7.125,7.125,1.0,10,10,0,0,0.0,4.4,0.7472,6,8,17,1,2.2
calm,2,greedy_order,True,True,7.125,7.125,1.0,10,10,0,0,0.0,4.4,0.7472,6,8,17,1,2.2
calm,2,greedy_schedule,True,True,5.702,5.702,0.8003,8,8,0,0,0.0,4.4,0.7187,6,8,15,1,1.2
calm,2,restart,True,True,7.125,7.125,1.0,10,10,0,0,0.0,4.4,0.7472,6,8,17,1,2.2
calm,2,static,True,True,7.125,7.125,1.0,10,10,0,0,0.0,4.4,0.7472,6,7,0,1,2.2
calm,3,full,True,True,12.432,12.432,0.9657,16,16,0,0,0.0,5.6,0.8241,8,11,24,2,8.5
calm,3,greedy_order,True,False,11.985,9.057,0.7035,15,12,3,1,0.0,5.6,0.8251,10,13,22,2,3.0
calm,3,greedy_schedule,True,True,6.319,6.319,0.4908,7,7,0,0,0.0,5.6,0.8044,6,8,14,1,1.3
calm,3,restart,True,True,12.432,12.432,0.9657,16,16,0,0,0.0,5.6,0.8241,11,14,24,2,9.0
calm,3,static,True,True,12.874,12.432,0.9657,17,16,1,0,0.0,5.6,0.8217,6,7,0,1,4.5
calm,4,full,True,True,9.065,9.065,1.0,12,12,0,0,0.0,4.1,0.8259,6,8,19,1,1.8
calm,4,greedy_order,True,True,9.065,9.065,1.0,12,12,0,0,0.0,4.1,0.8259,6,8,19,1,1.6
calm,4,greedy_schedule,True,True,6.315,6.315,0.6966,7,7,0,0,0.0,4.1,0.8333,6,8,14,1,1.3
calm,4,restart,True,True,9.065,9.065,1.0,12,12,0,0,0.0,4.1,0.8259,6,8,19,1,1.6
calm,4,static,True,True,9.065,9.065,1.0,12,12,0,0,0.0,4.1,0.8259,6,7,0,1,1.5
calm,5,full,True,True,9.512,9.512,1.0,13,13,0,0,0.0,4.1,0.8227,6,8,20,1,1.6
calm,5,greedy_order,True,True,9.512,9.512,1.0,13,13,0,0,0.0,4.1,0.8227,6,8,20,1,1.6
calm,5,greedy_schedule,True,True,6.315,6.315,0.6639,7,7,0,0,0.0,4.1,0.8333,6,8,14,1,1.2
calm,5,restart,True,True,9.512,9.512,1.0,13,13,0,0,0.0,4.1,0.8227,6,8,20,1,1.6
calm,5,static,True,True,9.512,9.512,1.0,13,13,0,0,0.0,4.1,0.8227,6,7,0,1,1.5
calm,6,full,True,True,9.661,9.661,1.0,11,11,0,0,0.0,4.5,0.8793,6,8,20,1,2.8
calm,6,greedy_order,True,True,9.661,9.661,1.0,11,11,0,0,0.0,4.5,0.8793,6,8,20,1,2.8
calm,6,greedy_schedule,True,True,5.24,5.24,0.5424,7,7,0,0,0.0,4.5,0.8114,6,8,16,1,1.3
calm,6,restart,True,True,9.661,9.661,1.0,11,11,0,0,0.0,4.5,0.8793,6,8,20,1,2.8
calm,6,static,True,True,9.661,9.661,1.0,11,11,0,0,0.0,4.5,0.8793,6,7,0,1,2.8
calm,7,full,True,False,10.12,9.136,0.865,12,11,1,1,0.0,7.0,0.8263,10,13,22,2,2.7
calm,7,greedy_order,True,False,10.12,9.136,0.865,12,11,1,1,0.0,7.0,0.8263,10,13,22,2,2.7
calm,7,greedy_schedule,True,False,6.331,6.331,0.5994,7,7,0,1,0.0,7.0,0.8149,10,13,18,2,2.1
calm,7,restart,True,False,10.12,9.136,0.865,12,11,1,1,0.0,7.0,0.8263,11,14,22,2,3.0
calm,7,static,True,True,10.562,9.136,0.865,13,11,2,1,0.0,7.0,0.8215,6,7,0,1,1.5
calm,8,full,True,True,8.018,8.018,1.0,12,12,0,0,0.0,4.4,0.7479,6,8,19,1,5.3
calm,8,greedy_order,True,True,8.018,8.018,1.0,12,12,0,0,0.0,4.4,0.7479,6,8,19,1,5.3
calm,8,greedy_schedule,True,True,5.264,5.264,0.6565,7,7,0,0,0.0,4.4,0.722,8,11,15,2,2.1
calm,8,restart,True,True,8.018,8.018,1.0,12,12,0,0,0.0,4.4,0.7479,6,8,19,1,5.2
calm,8,static,True,True,8.018,8.018,1.0,12,12,0,0,0.0,4.4,0.7479,6,7,0,1,5.1
calm,9,full,True,False,10.562,9.578,0.9068,13,12,1,1,0.0,7.0,0.8215,10,13,22,2,2.8
calm,9,greedy_order,True,False,10.562,9.578,0.9068,13,12,1,1,0.0,7.0,0.8215,10,13,22,2,2.7
calm,9,greedy_schedule,True,False,7.295,7.295,0.6907,8,8,0,1,0.0,7.0,0.8147,10,13,17,2,2.1
calm,9,restart,True,False,10.562,9.578,0.9068,13,12,1,1,0.0,7.0,0.8215,11,14,22,2,3.0
calm,9,static,True,True,10.562,9.578,0.9068,13,12,1,1,0.0,7.0,0.8215,6,7,0,1,1.5
calm,10,full,True,True,7.618,7.618,1.0,10,10,0,0,0.0,4.5,0.8215,6,8,19,1,1.4
calm,10,greedy_order,True,True,7.618,7.618,1.0,10,10,0,0,0.0,4.5,0.8215,6,8,19,1,1.4
calm,10,greedy_schedule,True,True,5.347,5.347,0.7019,6,6,0,0,0.0,4.5,0.8697,6,8,15,1,1.2
calm,10,restart,True,True,7.618,7.618,1.0,10,10,0,0,0.0,4.5,0.8215,6,8,19,1,1.4
calm,10,static,True,True,7.618,7.618,1.0,10,10,0,0,0.0,4.5,0.8215,6,7,0,1,1.4
calm,11,full,True,True,12.44,12.44,0.9663,16,16,0,0,0.0,5.6,0.826,10,14,27,3,11.7
calm,11,greedy_order,True,True,11.894,11.894,0.9239,16,16,0,0,0.0,5.6,0.8114,8,11,24,2,2.8
calm,11,greedy_schedule,True,True,5.363,5.363,0.4166,6,6,0,0,0.0,5.6,0.8065,6,8,13,1,1.3
calm,11,restart,True,True,12.44,12.44,0.9663,16,16,0,0,0.0,5.6,0.826,16,20,27,3,12.7
calm,11,static,True,True,12.874,11.456,0.8899,17,15,2,0,0.0,5.6,0.8217,6,7,0,1,4.5
calm,12,full,True,True,9.661,9.661,1.0,11,11,0,0,0.0,4.5,0.8793,6,8,20,1,3.0
calm,12,greedy_order,True,True,9.661,9.661,1.0,11,11,0,0,0.0,4.5,0.8793,6,8,20,1,2.9
calm,12,greedy_schedule,True,True,5.24,5.24,0.5424,7,7,0,0,0.0,4.5,0.8114,6,8,16,1,1.4
calm,12,restart,True,True,9.661,9.661,1.0,11,11,0,0,0.0,4.5,0.8793,6,8,20,1,2.9
calm,12,static,True,True,9.661,9.661,1.0,11,11,0,0,0.0,4.5,0.8793,6,7,0,1,2.8
calm,13,full,True,False,7.176,5.757,0.8023,9,7,2,1,0.0,4.5,0.8305,10,13,18,2,1.9
calm,13,greedy_order,True,False,7.176,5.757,0.8023,9,7,2,1,0.0,4.5,0.8305,10,13,18,2,1.9
calm,13,greedy_schedule,True,False,5.339,5.339,0.744,6,6,0,1,0.0,4.5,0.8601,10,13,15,2,1.9
calm,13,restart,True,False,7.176,5.757,0.8023,9,7,2,1,0.0,4.5,0.8305,11,14,18,2,2.2
calm,13,static,True,True,7.176,5.757,0.8023,9,7,2,1,0.0,4.5,0.8305,6,7,0,1,1.1
calm,14,full,True,True,7.053,7.053,0.6701,10,10,0,0,0.0,4.5,0.7908,10,14,27,3,4.3
calm,14,greedy_order,True,True,7.053,7.053,0.6701,10,10,0,0,0.0,4.5,0.7908,10,14,27,3,4.4
calm,14,greedy_schedule,True,True,4.674,4.674,0.444,7,7,0,0,0.0,4.5,0.7562,10,14,21,3,2.6
calm,14,restart,True,True,7.053,7.053,0.6701,10,10,0,0,0.0,4.5,0.7908,16,20,27,3,5.3
calm,14,static,True,True,10.526,5.642,0.536,13,8,5,0,0.0,4.5,0.851,6,7,0,1,2.5
calm,15,full,True,True,6.852,6.852,1.0,7,7,0,0,0.0,7.0,0.8314,8,11,18,2,1.6
calm,15,greedy_order,True,True,6.852,6.852,1.0,7,7,0,0,0.0,7.0,0.8314,8,11,18,2,1.6
calm,15,greedy_schedule,True,True,5.88,5.88,0.8581,6,6,0,0,0.0,7.0,0.8267,8,11,16,2,1.5
calm,15,restart,True,True,6.852,6.852,1.0,7,7,0,0,0.0,7.0,0.8314,11,14,18,2,2.1
calm,15,static,True,True,6.852,5.872,0.857,7,6,1,0,0.0,7.0,0.8314,6,7,0,1,1.1
calm,16,full,True,True,6.852,6.852,1.0,7,7,0,0,0.0,7.0,0.8314,6,8,16,1,1.1
calm,16,greedy_order,True,True,6.852,6.852,1.0,7,7,0,0,0.0,7.0,0.8314,6,8,16,1,1.1
calm,16,greedy_schedule,True,True,5.88,5.88,0.8581,6,6,0,0,0.0,7.0,0.8267,6,8,15,1,1.1
calm,16,restart,True,True,6.852,6.852,1.0,7,7,0,0,0.0,7.0,0.8314,6,8,16,1,1.1
calm,16,static,True,True,6.852,6.852,1.0,7,7,0,0,0.0,7.0,0.8314,6,7,0,1,1.1
calm,17,full,True,True,8.128,8.128,1.1346,10,10,0,0,0.0,4.5,0.839,8,11,22,2,1.7
calm,17,greedy_order,True,True,8.128,8.128,1.1346,10,10,0,0,0.0,4.5,0.839,8,11,22,2,1.7
calm,17,greedy_schedule,True,True,5.327,5.327,0.7436,6,6,0,0,0.0,4.5,0.8583,8,11,17,2,1.6
calm,17,restart,True,True,8.128,8.128,1.1346,10,10,0,0,0.0,4.5,0.839,11,14,22,2,2.2
calm,17,static,True,True,7.164,6.18,0.8626,9,8,1,0,0.0,4.5,0.8292,6,7,0,1,1.1
calm,18,full,True,True,9.512,9.512,1.0,13,13,0,0,0.0,4.1,0.8227,6,8,20,1,1.6
calm,18,greedy_order,True,True,9.512,9.512,1.0,13,13,0,0,0.0,4.1,0.8227,6,8,20,1,1.6
calm,18,greedy_schedule,True,True,6.315,6.315,0.6639,7,7,0,0,0.0,4.1,0.8333,6,8,14,1,1.2
calm,18,restart,True,True,9.512,9.512,1.0,13,13,0,0,0.0,4.1,0.8227,6,8,20,1,1.6
calm,18,static,True,True,9.512,9.512,1.0,13,13,0,0,0.0,4.1,0.8227,6,7,0,1,1.6
calm,19,full,True,True,10.562,10.562,1.0,13,13,0,0,0.0,7.0,0.8215,9,12,22,2,2.6
calm,19,greedy_order,True,True,10.562,10.562,1.0,13,13,0,0,0.0,7.0,0.8215,9,12,22,2,2.6
calm,19,greedy_schedule,True,True,7.295,7.295,0.6907,8,8,0,0,0.0,7.0,0.8147,6,8,17,1,1.3
calm,19,restart,True,True,10.562,10.562,1.0,13,13,0,0,0.0,7.0,0.8215,11,14,22,2,3.0
calm,19,static,True,False,10.562,10.497,0.9938,13,13,0,0,0.62,7.0,0.8215,6,7,0,1,1.5
calm,20,full,True,True,7.342,7.342,1.0,13,13,0,0,0.0,7.0,0.731,6,8,22,1,1.6
calm,20,greedy_order,True,True,7.342,7.342,1.0,13,13,0,0,0.0,7.0,0.731,6,8,22,1,1.6
calm,20,greedy_schedule,True,True,4.193,4.193,0.5711,7,7,0,0,0.0,7.0,0.7281,6,8,16,1,1.3
calm,20,restart,True,True,7.342,7.342,1.0,13,13,0,0,0.0,7.0,0.731,6,8,22,1,1.6
calm,20,static,True,True,7.342,7.342,1.0,13,13,0,0,0.0,7.0,0.731,6,7,0,1,1.5
calm,21,full,True,False,4.588,4.137,1.0195,8,7,1,1,0.0,7.0,0.7043,10,13,18,2,2.0
calm,21,greedy_order,True,False,4.588,4.137,1.0195,8,7,1,1,0.0,7.0,0.7043,10,13,18,2,1.9
calm,21,greedy_schedule,True,False,4.149,3.698,0.9113,7,6,1,1,0.0,7.0,0.709,10,13,17,2,1.8
calm,21,restart,True,False,4.588,4.137,1.0195,8,7,1,1,0.0,7.0,0.7043,11,14,18,2,2.3
calm,21,static,True,True,4.058,3.161,0.779,8,6,2,1,0.0,7.0,0.6803,6,7,0,1,1.2
calm,22,full,True,True,6.844,6.844,0.9988,7,7,0,0,0.0,7.0,0.8229,8,11,17,2,1.6
calm,22,greedy_order,True,True,6.844,6.844,0.9988,7,7,0,0,0.0,7.0,0.8229,8,11,17,2,1.6
calm,22,greedy_schedule,True,True,6.844,6.844,0.9988,7,7,0,0,0.0,7.0,0.8229,8,11,17,2,1.5
calm,22,restart,True,True,6.844,6.844,0.9988,7,7,0,0,0.0,7.0,0.8229,11,14,17,2,2.1
calm,22,static,True,True,6.852,5.872,0.857,7,6,1,0,0.0,7.0,0.8314,6,7,0,1,1.1
calm,23,full,True,False,7.622,6.307,0.8279,10,7,3,1,0.0,4.5,0.8204,10,13,21,2,2.4
calm,23,greedy_order,True,False,7.622,6.307,0.8279,10,7,3,1,0.0,4.5,0.8204,10,13,21,2,2.4
calm,23,greedy_schedule,True,False,4.797,3.825,0.5021,6,5,1,1,0.0,4.5,0.8174,10,13,17,2,2.0
calm,23,restart,True,False,7.622,6.307,0.8279,10,7,3,1,0.0,4.5,0.8204,11,14,21,2,2.7
calm,23,static,True,True,7.618,4.355,0.5717,10,5,5,1,0.0,4.5,0.8215,6,7,0,1,1.4
calm,24,full,True,True,7.481,7.481,1.0,12,12,0,0,0.0,4.4,0.7321,6,8,19,1,1.5
calm,24,greedy_order,True,True,7.481,7.481,1.0,12,12,0,0,0.0,4.4,0.7321,6,8,19,1,1.5
calm,24,greedy_schedule,True,True,4.284,4.284,0.5727,6,6,0,0,0.0,4.4,0.6919,6,8,13,1,1.2
calm,24,restart,True,True,7.481,7.481,1.0,12,12,0,0,0.0,4.4,0.7321,6,8,19,1,1.5
calm,24,static,True,True,7.481,7.481,1.0,12,12,0,0,0.0,4.4,0.7321,6,7,0,1,1.5
calm,25,full,True,True,6.212,6.212,0.9204,8,8,0,0,0.0,4.1,0.801,8,11,16,2,1.6
calm,25,greedy_order,True,True,6.212,6.212,0.9204,8,8,0,0,0.0,4.1,0.801,8,11,16,2,1.6
calm,25,greedy_schedule,True,True,4.805,4.805,0.712,6,6,0,0,0.0,4.1,0.7928,6,8,13,1,1.0
calm,25,restart,True,True,6.212,6.212,0.9204,8,8,0,0,0.0,4.1,0.801,11,14,16,2,2.1
calm,25,static,True,True,6.749,5.777,0.856,8,7,1,0,0.0,4.1,0.8213,6,7,0,1,1.1
calm,26,full,True,True,10.55,10.55,0.9989,13,13,0,0,0.0,7.0,0.8159,8,11,23,2,2.4
calm,26,greedy_order,True,True,10.55,10.55,0.9989,13,13,0,0,0.0,7.0,0.8159,8,11,23,2,2.4
calm,26,greedy_schedule,True,True,7.295,7.295,0.6907,8,8,0,0,0.0,7.0,0.8147,6,8,17,1,1.2
calm,26,restart,True,True,10.55,10.55,0.9989,13,13,0,0,0.0,7.0,0.8159,11,14,23,2,2.9
calm,26,static,True,True,10.562,9.578,0.9068,13,12,1,0,0.0,7.0,0.8215,6,7,0,1,1.5
calm,27,full,True,True,9.041,9.041,0.9987,12,12,0,0,0.0,9.3,0.7626,8,11,22,2,3.3
calm,27,greedy_order,True,True,9.041,9.041,0.9987,12,12,0,0,0.0,9.3,0.7626,8,11,22,2,26.5
calm,27,greedy_schedule,True,True,7.16,7.16,0.7909,9,9,0,0,0.0,9.3,0.7432,6,8,18,1,1.3
calm,27,restart,True,True,9.041,9.041,0.9987,12,12,0,0,0.0,9.3,0.7626,11,14,22,2,3.7
calm,27,static,True,True,9.053,8.069,0.8913,12,11,1,0,0.0,9.3,0.7682,6,7,0,1,2.0
calm,28,full,True,True,11.452,11.452,0.8895,15,15,0,0,0.0,5.6,0.8158,8,11,24,2,8.2
calm,28,greedy_order,True,True,10.496,10.496,0.8153,14,14,0,0,0.0,5.6,0.8106,8,11,22,2,2.7
calm,28,greedy_schedule,True,True,5.359,5.359,0.4163,6,6,0,0,0.0,5.6,0.8054,8,11,14,2,2.0
calm,28,restart,True,True,11.452,11.452,0.8895,15,15,0,0,0.0,5.6,0.8158,11,14,24,2,8.7
calm,28,static,True,True,12.874,11.452,0.8895,17,15,2,0,0.0,5.6,0.8217,6,7,0,1,4.5
calm,29,full,True,True,7.342,7.342,1.0,13,13,0,0,0.0,7.0,0.731,6,8,22,1,1.6
calm,29,greedy_order,True,True,7.342,7.342,1.0,13,13,0,0,0.0,7.0,0.731,6,8,22,1,1.6
calm,29,greedy_schedule,True,True,4.193,4.193,0.5711,7,7,0,0,0.0,7.0,0.7281,6,8,16,1,1.2
calm,29,restart,True,True,7.342,7.342,1.0,13,13,0,0,0.0,7.0,0.731,6,8,22,1,1.6
calm,29,static,True,True,7.342,7.342,1.0,13,13,0,0,0.0,7.0,0.731,6,7,0,1,1.5
monsoon,0,full,True,True,5.062,5.062,0.8512,9,9,0,0,0.0,7.4,0.7077,8,11,18,2,3.3
monsoon,0,greedy_order,True,True,5.509,5.509,0.9263,10,10,0,0,0.0,7.4,0.7092,8,11,21,2,2.8
monsoon,0,greedy_schedule,True,True,4.173,4.173,0.7017,7,7,0,0,0.0,7.4,0.7081,8,11,16,2,1.8
monsoon,0,restart,True,True,5.062,5.062,0.8512,9,9,0,0,0.0,7.4,0.7077,11,14,18,2,4.0
monsoon,0,static,True,True,5.947,5.062,0.8512,11,9,2,0,0.0,7.4,0.7115,6,7,0,1,2.0
monsoon,1,full,True,True,4.121,4.121,0.5415,7,7,0,0,0.0,4.5,0.7202,8,11,20,2,2.0
monsoon,1,greedy_order,True,True,4.121,4.121,0.5415,7,7,0,0,0.0,4.5,0.7202,8,11,20,2,2.0
monsoon,1,greedy_schedule,True,True,2.734,2.734,0.3593,5,5,0,0,0.0,4.5,0.6967,8,11,17,2,1.8
monsoon,1,restart,True,True,4.121,4.121,0.5415,7,7,0,0,0.0,4.5,0.7202,11,14,20,2,2.5
monsoon,1,static,True,True,7.61,3.682,0.4838,10,6,4,0,0.0,4.5,0.8217,6,7,0,1,1.4
monsoon,2,full,True,True,9.977,9.977,0.9478,13,13,0,0,0.0,4.5,0.8285,8,11,25,2,8.2
monsoon,2,greedy_order,True,True,9.977,9.977,0.9478,13,13,0,0,0.0,4.5,0.8285,8,11,25,2,8.5
monsoon,2,greedy_schedule,True,True,6.638,6.638,0.6306,9,9,0,0,0.0,4.5,0.8065,8,11,22,2,2.0
monsoon,2,restart,True,True,9.977,9.977,0.9478,13,13,0,0,0.0,4.5,0.8285,11,14,25,2,8.7
monsoon,2,static,True,True,10.526,7.574,0.7196,13,10,3,0,0.0,4.5,0.851,6,7,0,1,2.4
monsoon,3,full,True,True,6.749,6.749,1.0,8,8,0,0,0.0,4.1,0.8213,8,11,16,2,1.6
monsoon,3,greedy_order,True,True,6.749,6.749,1.0,8,8,0,0,0.0,4.1,0.8213,8,11,16,2,1.6
monsoon,3,greedy_schedule,True,True,4.805,4.805,0.712,6,6,0,0,0.0,4.1,0.7928,8,11,14,2,1.5
monsoon,3,restart,True,True,6.749,6.749,1.0,8,8,0,0,0.0,4.1,0.8213,11,14,16,2,2.1
monsoon,3,static,True,True,6.749,6.299,0.9333,8,7,1,0,0.0,4.1,0.8213,6,7,0,1,1.1
monsoon,4,full,True,True,7.614,7.614,0.886,10,10,0,0,0.0,9.3,0.7427,8,11,20,2,3.0
monsoon,4,greedy_order,True,True,6.642,6.642,0.7729,9,9,0,0,0.0,9.3,0.7232,8,11,20,2,2.8
monsoon,4,greedy_schedule,True,True,5.749,5.749,0.669,7,7,0,0,0.0,9.3,0.7175,8,11,17,2,1.8
monsoon,4,restart,True,True,7.614,7.614,0.886,10,10,0,0,0.0,9.3,0.7427,11,14,20,2,3.6
monsoon,4,static,True,True,8.594,7.614,0.886,11,10,1,0,0.0,9.3,0.765,6,7,0,1,1.8
monsoon,5,full,True,True,6.729,6.729,0.997,8,8,0,0,0.0,7.0,0.7695,8,11,19,2,1.6
monsoon,5,greedy_order,True,True,6.729,6.729,0.997,8,8,0,0,0.0,7.0,0.7695,8,11,19,2,1.6
monsoon,5,greedy_schedule,True,True,6.303,6.303,0.9339,7,7,0,0,0.0,7.0,0.7842,8,11,18,2,1.5
monsoon,5,restart,True,True,6.729,6.729,0.997,8,8,0,0,0.0,7.0,0.7695,11,14,19,2,2.1
monsoon,5,static,True,True,6.749,4.785,0.709,8,6,2,0,0.0,7.0,0.7899,6,7,0,1,1.1
monsoon,6,full,True,True,6.592,6.592,0.8812,10,10,0,0,0.0,4.4,0.7316,8,11,19,2,2.0
monsoon,6,greedy_order,True,True,6.592,6.592,0.8812,10,10,0,0,0.0,4.4,0.7316,8,11,19,2,2.0
monsoon,6,greedy_schedule,True,True,3.829,3.829,0.5118,5,5,0,0,0.0,4.4,0.676,8,11,13,2,1.9
monsoon,6,restart,True,True,6.592,6.592,0.8812,10,10,0,0,0.0,4.4,0.7316,11,14,19,2,2.5
monsoon,6,static,True,True,7.481,6.592,0.8812,12,10,2,0,0.0,4.4,0.7321,6,7,0,1,1.3
monsoon,7,full,True,True,5.674,5.674,0.8532,8,8,0,0,0.0,4.5,0.7952,8,11,18,2,1.7
monsoon,7,greedy_order,True,True,5.674,5.674,0.8532,8,8,0,0,0.0,4.5,0.7952,8,11,18,2,1.7
monsoon,7,greedy_schedule,True,True,3.821,3.821,0.5746,5,5,0,0,0.0,4.5,0.8047,8,11,17,2,1.6
monsoon,7,restart,True,True,5.674,5.674,0.8532,8,8,0,0,0.0,4.5,0.7952,11,14,18,2,2.2
monsoon,7,static,True,True,6.65,5.674,0.8532,9,8,1,0,0.0,4.5,0.8119,6,7,0,1,1.1
monsoon,8,full,True,True,6.65,6.65,1.0,9,9,0,0,0.0,4.5,0.8119,8,11,20,2,1.7
monsoon,8,greedy_order,True,True,6.65,6.65,1.0,9,9,0,0,0.0,4.5,0.8119,8,11,20,2,1.7
monsoon,8,greedy_schedule,True,True,3.714,3.714,0.5585,6,6,0,0,0.0,4.5,0.7363,8,11,17,2,1.6
monsoon,8,restart,True,True,6.65,6.65,1.0,9,9,0,0,0.0,4.5,0.8119,11,14,20,2,2.2
monsoon,8,static,True,True,6.65,5.666,0.852,9,8,1,0,0.0,4.5,0.8119,6,7,0,1,1.1
monsoon,9,full,True,True,2.746,2.746,0.3614,5,5,0,0,0.0,4.5,0.7037,10,14,23,3,2.7
monsoon,9,greedy_order,True,True,2.746,2.746,0.3614,5,5,0,0,0.0,4.5,0.7037,10,14,23,3,2.7
monsoon,9,greedy_schedule,True,True,2.189,2.189,0.2881,5,5,0,0,0.0,4.5,0.6376,8,11,19,2,1.8
monsoon,9,restart,True,True,2.746,2.746,0.3614,5,5,0,0,0.0,4.5,0.7037,16,20,23,3,3.7
monsoon,9,static,True,True,7.598,2.292,0.3017,10,4,6,0,0.0,4.5,0.8202,6,7,0,1,1.4
monsoon,10,full,True,True,3.722,3.722,0.3234,6,6,0,0,0.0,4.5,0.7463,8,11,27,2,3.4
monsoon,10,greedy_order,True,True,3.722,3.722,0.3234,6,6,0,0,0.0,4.5,0.7463,8,11,27,2,3.4
monsoon,10,greedy_schedule,True,True,3.702,3.702,0.3216,6,6,0,0,0.0,4.5,0.7366,10,14,21,3,2.6
monsoon,10,restart,True,True,3.722,3.722,0.3234,6,6,0,0,0.0,4.5,0.7463,11,14,27,2,3.9
monsoon,10,static,True,True,11.51,2.857,0.2482,14,4,10,0,0.0,4.5,0.8607,6,7,0,1,2.6
monsoon,11,full,True,True,5.947,5.947,1.0,11,11,0,0,0.0,7.4,0.7115,8,11,21,2,3.4
monsoon,11,greedy_order,True,True,6.394,6.394,1.0752,12,12,0,0,0.0,7.4,0.7125,8,11,21,2,3.1
monsoon,11,greedy_schedule,True,True,5.058,5.058,0.8505,9,9,0,0,0.0,7.4,0.7115,6,8,16,1,1.3
monsoon,11,restart,True,True,5.947,5.947,1.0,11,11,0,0,0.0,7.4,0.7115,11,14,21,2,3.9
monsoon,11,static,True,True,5.947,5.509,0.9263,11,10,1,0,0.0,7.4,0.7115,6,7,0,1,2.0
monsoon,12,full,True,False,6.658,5.769,0.8665,9,7,2,1,0.0,4.5,0.8116,10,13,20,2,1.9
monsoon,12,greedy_order,True,False,6.658,5.769,0.8665,9,7,2,1,0.0,4.5,0.8116,10,13,20,2,1.9
monsoon,12,greedy_schedule,True,False,4.157,3.71,0.5572,7,6,1,1,0.0,4.5,0.7298,10,13,18,2,1.8
monsoon,12,restart,True,False,6.658,5.769,0.8665,9,7,2,1,0.0,4.5,0.8116,11,14,20,2,2.2
monsoon,12,static,True,True,6.658,4.785,0.7187,9,6,3,1,0.0,4.5,0.8116,6,7,0,1,1.1
monsoon,13,full,True,True,7.481,7.481,1.0,12,12,0,0,0.0,4.4,0.7321,6,8,19,1,1.3
monsoon,13,greedy_order,True,True,7.481,7.481,1.0,12,12,0,0,0.0,4.4,0.7321,6,8,19,1,1.3
monsoon,13,greedy_schedule,True,True,4.28,4.28,0.5721,6,6,0,0,0.0,4.4,0.6908,8,11,15,2,1.9
monsoon,13,restart,True,True,7.481,7.481,1.0,12,12,0,0,0.0,4.4,0.7321,6,8,19,1,1.4
monsoon,13,static,True,True,7.481,7.481,1.0,12,12,0,0,0.0,4.4,0.7321,6,7,0,1,1.3
monsoon,14,full,True,True,9.602,9.602,0.9559,12,12,0,0,0.0,4.1,0.8424,8,11,23,2,2.3
monsoon,14,greedy_order,True,True,9.602,9.602,0.9559,12,12,0,0,0.0,4.1,0.8424,8,11,23,2,2.3
monsoon,14,greedy_schedule,True,True,7.287,7.287,0.7254,8,8,0,0,0.0,4.1,0.8444,8,11,18,2,1.8
monsoon,14,restart,True,True,9.602,9.602,0.9559,12,12,0,0,0.0,4.1,0.8424,11,14,23,2,2.8
monsoon,14,static,True,True,10.045,7.196,0.7164,13,9,4,0,0.0,4.1,0.8363,6,7,0,1,1.5
monsoon,15,full,True,True,4.121,4.121,0.5424,7,7,0,0,0.0,4.5,0.7202,8,11,20,2,2.0
monsoon,15,greedy_order,True,True,4.121,4.121,0.5424,7,7,0,0,0.0,4.5,0.7202,8,11,20,2,2.0
monsoon,15,greedy_schedule,True,True,2.734,2.734,0.3598,5,5,0,0,0.0,4.5,0.6967,8,11,17,2,1.7
monsoon,15,restart,True,True,4.121,4.121,0.5424,7,7,0,0,0.0,4.5,0.7202,11,14,20,2,2.5
monsoon,15,static,True,True,7.598,3.682,0.4846,10,6,4,0,0.0,4.5,0.8202,6,7,0,1,1.4
monsoon,16,full,True,True,9.598,9.598,1.0,12,12,0,0,0.0,4.1,0.8407,6,8,19,1,1.6
monsoon,16,greedy_order,True,True,9.598,9.598,1.0,12,12,0,0,0.0,4.1,0.8407,6,8,19,1,1.6
monsoon,16,greedy_schedule,True,True,6.311,6.311,0.6575,7,7,0,0,0.0,4.1,0.8323,8,11,15,2,1.8
monsoon,16,restart,True,True,9.598,9.598,1.0,12,12,0,0,0.0,4.1,0.8407,6,8,19,1,1.6
monsoon,16,static,True,True,9.598,9.598,1.0,12,12,0,0,0.0,4.1,0.8407,6,7,0,1,1.5
monsoon,17,full,True,True,11.981,11.981,0.9306,15,15,0,0,0.0,5.6,0.8272,8,11,24,2,8.2
monsoon,17,greedy_order,True,True,9.602,9.602,0.7458,12,12,0,0,0.0,5.6,0.8166,8,11,21,2,2.7
monsoon,17,greedy_schedule,True,True,5.359,5.359,0.4163,6,6,0,0,0.0,5.6,0.8054,8,11,14,2,2.0
monsoon,17,restart,True,True,11.981,11.981,0.9306,15,15,0,0,0.0,5.6,0.8272,11,14,24,2,8.7
monsoon,17,static,True,True,12.874,11.981,0.9306,17,15,2,0,0.0,5.6,0.8217,6,7,0,1,4.5
monsoon,18,full,True,True,6.161,6.161,1.0,9,9,0,0,0.0,4.4,0.7384,6,8,16,1,1.1
monsoon,18,greedy_order,True,True,6.161,6.161,1.0,9,9,0,0,0.0,4.4,0.7384,6,8,16,1,1.1
monsoon,18,greedy_schedule,True,True,4.379,4.379,0.7108,5,5,0,0,0.0,4.4,0.7616,6,8,12,1,1.1
monsoon,18,restart,True,True,6.161,6.161,1.0,9,9,0,0,0.0,4.4,0.7384,6,8,16,1,1.1
monsoon,18,static,True,True,6.161,6.161,1.0,9,9,0,0,0.0,4.4,0.7384,6,7,0,1,1.0
monsoon,19,full,True,True,6.749,6.749,1.0,8,8,0,0,0.0,7.0,0.7899,6,8,17,1,1.1
monsoon,19,greedy_order,True,True,6.749,6.749,1.0,8,8,0,0,0.0,7.0,0.7899,6,8,17,1,1.1
monsoon,19,greedy_schedule,True,True,5.351,5.351,0.7929,6,6,0,0,0.0,7.0,0.7981,6,8,15,1,1.0
monsoon,19,restart,True,True,6.749,6.749,1.0,8,8,0,0,0.0,7.0,0.7899,6,8,17,1,1.1
monsoon,19,static,True,True,6.749,6.749,1.0,8,8,0,0,0.0,7.0,0.7899,6,7,0,1,1.0
monsoon,20,full,True,True,8.594,8.594,1.0,11,11,0,0,0.0,9.3,0.765,8,11,23,2,3.0
monsoon,20,greedy_order,True,True,8.594,8.594,1.0,11,11,0,0,0.0,9.3,0.765,8,11,22,2,5.2
monsoon,20,greedy_schedule,True,True,6.729,6.729,0.783,8,8,0,0,0.0,9.3,0.7499,8,11,19,2,1.9
monsoon,20,restart,True,True,8.594,8.594,1.0,11,11,0,0,0.0,9.3,0.765,11,14,23,2,3.5
monsoon,20,static,True,True,8.594,7.622,0.8869,11,10,1,0,0.0,9.3,0.765,6,7,0,1,1.8
monsoon,21,full,True,True,12.874,12.874,1.0,17,17,0,0,0.0,5.6,0.8217,6,8,24,1,4.6
monsoon,21,greedy_order,True,True,11.017,11.017,0.8558,14,14,0,0,0.0,5.6,0.8177,8,11,22,2,2.7
monsoon,21,greedy_schedule,True,True,6.319,6.319,0.4908,7,7,0,0,0.0,5.6,0.8044,6,8,14,1,1.3
monsoon,21,restart,True,True,12.874,12.874,1.0,17,17,0,0,0.0,5.6,0.8217,6,8,24,1,4.8
monsoon,21,static,True,True,12.874,12.874,1.0,17,17,0,0,0.0,5.6,0.8217,6,7,0,1,4.6
monsoon,22,full,True,True,6.749,6.749,1.0,8,8,0,0,0.0,4.1,0.8213,6,8,15,1,1.1
monsoon,22,greedy_order,True,True,6.749,6.749,1.0,8,8,0,0,0.0,4.1,0.8213,6,8,15,1,1.1
monsoon,22,greedy_schedule,True,True,4.805,4.805,0.712,6,6,0,0,0.0,4.1,0.7928,6,8,13,1,1.0
monsoon,22,restart,True,True,6.749,6.749,1.0,8,8,0,0,0.0,4.1,0.8213,6,8,15,1,1.1
monsoon,22,static,True,True,6.749,6.749,1.0,8,8,0,0,0.0,4.1,0.8213,6,7,0,1,1.1
monsoon,23,full,True,True,5.769,5.769,0.8548,7,7,0,0,0.0,7.0,0.7628,8,11,17,2,1.6
monsoon,23,greedy_order,True,True,5.769,5.769,0.8548,7,7,0,0,0.0,7.0,0.7628,8,11,17,2,1.6
monsoon,23,greedy_schedule,True,True,4.797,4.797,0.7108,6,6,0,0,0.0,7.0,0.7474,8,11,16,2,1.5
monsoon,23,restart,True,True,5.769,5.769,0.8548,7,7,0,0,0.0,7.0,0.7628,11,14,17,2,2.1
monsoon,23,static,True,True,6.749,5.769,0.8548,8,7,1,0,0.0,7.0,0.7899,6,7,0,1,1.1
monsoon,24,full,True,True,5.046,5.046,1.0,9,9,0,0,0.0,7.0,0.713,6,8,18,1,1.1
monsoon,24,greedy_order,True,True,5.046,5.046,1.0,9,9,0,0,0.0,7.0,0.713,6,8,18,1,1.1
monsoon,24,greedy_schedule,True,True,4.169,4.169,0.8262,7,7,0,0,0.0,7.0,0.72,6,8,16,1,1.1
monsoon,24,restart,True,True,5.046,5.046,1.0,9,9,0,0,0.0,7.0,0.713,6,8,18,1,1.3
monsoon,24,static,True,True,5.046,5.046,1.0,9,9,0,0,0.0,7.0,0.713,6,7,0,1,1.3
monsoon,25,full,True,True,11.546,11.546,0.8968,14,14,0,0,0.0,5.6,0.8328,8,11,27,2,8.6
monsoon,25,greedy_order,True,True,9.602,9.602,0.7458,12,12,0,0,0.0,5.6,0.8166,8,11,23,2,2.6
monsoon,25,greedy_schedule,True,True,5.359,5.359,0.4163,6,6,0,0,0.0,5.6,0.8054,8,11,14,2,2.0
monsoon,25,restart,True,True,11.546,11.546,0.8968,14,14,0,0,0.0,5.6,0.8328,11,14,27,2,9.2
monsoon,25,static,True,True,12.874,10.566,0.8207,17,13,4,0,0.0,5.6,0.8217,6,7,0,1,4.5
monsoon,26,full,True,True,7.481,7.481,1.0,12,12,0,0,0.0,4.4,0.7321,8,11,20,2,2.1
monsoon,26,greedy_order,True,True,7.481,7.481,1.0,12,12,0,0,0.0,4.4,0.7321,8,11,20,2,2.1
monsoon,26,greedy_schedule,True,True,4.28,4.28,0.5721,6,6,0,0,0.0,4.4,0.6849,6,8,13,1,1.2
monsoon,26,restart,True,True,7.481,7.481,1.0,12,12,0,0,0.0,4.4,0.7321,11,14,20,2,2.5
monsoon,26,static,True,True,7.481,7.03,0.9397,12,11,1,0,0.0,4.4,0.7321,6,7,0,1,1.3
monsoon,27,full,True,True,12.428,12.428,0.9654,16,16,0,0,0.0,5.6,0.8237,10,14,27,3,11.0
monsoon,27,greedy_order,True,True,10.938,10.938,0.8496,15,15,0,0,0.0,5.6,0.8062,8,11,25,2,2.6
monsoon,27,greedy_schedule,True,True,6.319,6.319,0.4908,7,7,0,0,0.0,5.6,0.8044,8,11,16,2,2.1
monsoon,27,restart,True,True,12.428,12.428,0.9654,16,16,0,0,0.0,5.6,0.8237,16,20,27,3,12.1
monsoon,27,static,True,True,12.874,11.456,0.8899,17,15,2,0,0.0,5.6,0.8217,6,7,0,1,4.7
monsoon,28,full,True,True,5.931,5.931,0.9185,11,11,0,0,0.0,7.0,0.7111,8,11,21,2,2.6
monsoon,28,greedy_order,True,True,5.931,5.931,0.9185,11,11,0,0,0.0,7.0,0.7111,8,11,21,2,2.7
monsoon,28,greedy_schedule,True,True,4.62,4.62,0.7155,8,8,0,0,0.0,7.0,0.7186,6,8,17,1,1.3
monsoon,28,restart,True,True,5.931,5.931,0.9185,11,11,0,0,0.0,7.0,0.7111,11,14,21,2,3.6
monsoon,28,static,True,True,6.457,5.493,0.8507,11,10,1,0,0.0,7.0,0.7316,6,7,0,1,1.7
monsoon,29,full,True,True,12.44,12.44,0.9663,16,16,0,0,0.0,5.6,0.8271,8,11,24,2,9.2
monsoon,29,greedy_order,True,True,11.985,11.985,0.9309,15,15,0,0,0.0,5.6,0.8251,6,8,22,1,1.9
monsoon,29,greedy_schedule,True,True,6.319,6.319,0.4908,7,7,0,0,0.0,5.6,0.8044,6,8,14,1,1.4
monsoon,29,restart,True,True,12.44,12.44,0.9663,16,16,0,0,0.0,5.6,0.8271,11,14,24,2,9.2
monsoon,29,static,True,True,12.874,12.44,0.9663,17,16,1,0,0.0,5.6,0.8217,6,7,0,1,4.6
closures,0,full,True,True,6.129,6.129,1.0719,9,9,0,0,0.0,4.4,0.7184,12,17,23,4,2.7
closures,0,greedy_order,True,True,6.129,6.129,1.0719,9,9,0,0,0.0,4.4,0.7184,12,17,23,4,2.7
closures,0,greedy_schedule,True,True,3.817,3.817,0.6675,5,5,0,0,0.0,4.4,0.6802,10,14,19,3,2.1
closures,0,restart,True,True,6.129,6.129,1.0719,9,9,0,0,0.0,4.4,0.7184,21,26,23,4,4.1
closures,0,static,True,True,5.718,2.32,0.4057,8,4,4,0,0.0,4.4,0.7424,6,7,0,1,1.0
closures,1,full,True,True,10.013,10.013,0.948,13,13,0,0,0.0,7.0,0.8017,8,11,24,2,2.4
closures,1,greedy_order,True,True,10.013,10.013,0.948,13,13,0,0,0.0,7.0,0.8017,8,11,24,2,2.4
closures,1,greedy_schedule,True,True,7.295,7.295,0.6907,8,8,0,0,0.0,7.0,0.8175,8,11,18,2,1.8
closures,1,restart,True,True,10.013,10.013,0.948,13,13,0,0,0.0,7.0,0.8017,11,14,24,2,2.9
closures,1,static,True,True,10.562,8.606,0.8148,13,11,2,0,0.0,7.0,0.8215,6,7,0,1,1.5
closures,2,full,True,True,6.089,6.089,0.7993,9,9,0,0,0.0,4.5,0.7798,8,11,21,2,2.2
closures,2,greedy_order,True,True,6.089,6.089,0.7993,9,9,0,0,0.0,4.5,0.7798,8,11,21,2,2.2
closures,2,greedy_schedule,True,True,4.789,4.789,0.6286,6,6,0,0,0.0,4.5,0.8257,8,11,19,2,1.9
closures,2,restart,True,True,6.089,6.089,0.7993,9,9,0,0,0.0,4.5,0.7798,11,14,21,2,2.7
closures,2,static,True,True,7.618,4.694,0.6162,10,7,3,0,0.0,4.5,0.8215,6,7,0,1,1.4
closures,3,full,True,True,8.073,8.073,0.8917,11,11,0,0,0.0,9.3,0.7483,10,14,27,3,3.7
closures,3,greedy_order,True,True,7.618,7.618,0.8415,10,10,0,0,0.0,9.3,0.7513,10,14,25,3,16.7
closures,3,greedy_schedule,True,True,6.18,6.18,0.6826,8,8,0,0,0.0,9.3,0.7128,8,11,21,2,2.1
closures,3,restart,True,True,8.073,8.073,0.8917,11,11,0,0,0.0,9.3,0.7483,16,20,27,3,4.8
closures,3,static,True,True,9.053,5.244,0.5793,12,7,5,0,0.0,9.3,0.7682,6,7,0,1,2.1
closures,4,full,True,True,6.121,6.121,1.0923,9,9,0,0,0.0,4.4,0.7137,10,14,20,3,2.1
closures,4,greedy_order,True,True,6.121,6.121,1.0923,9,9,0,0,0.0,4.4,0.7137,10,14,20,3,2.1
closures,4,greedy_schedule,True,True,4.355,4.355,0.7771,5,5,0,0,0.0,4.4,0.7297,8,11,13,2,1.5
closures,4,restart,True,True,6.121,6.121,1.0923,9,9,0,0,0.0,4.4,0.7137,16,20,20,3,3.1
closures,4,static,True,True,5.604,3.636,0.6488,9,7,2,0,0.0,4.4,0.7032,6,7,0,1,1.0
closures,5,full,True,True,6.697,6.697,0.735,8,8,0,0,0.0,4.5,0.8452,10,14,22,3,7.0
closures,5,greedy_order,True,True,6.697,6.697,0.735,8,8,0,0,0.0,4.5,0.8452,10,14,22,3,7.1
closures,5,greedy_schedule,True,True,3.793,3.793,0.4163,5,5,0,0,0.0,4.5,0.7963,8,11,18,2,2.0
closures,5,restart,True,True,6.697,6.697,0.735,8,8,0,0,0.0,4.5,0.8452,16,20,22,3,8.0
closures,5,static,True,True,9.112,5.733,0.6292,11,7,4,0,0.0,4.5,0.8569,6,7,0,1,2.6
closures,6,full,True,True,8.669,8.669,0.9514,10,10,0,0,0.0,4.5,0.8708,8,11,20,2,4.8
closures,6,greedy_order,True,True,8.669,8.669,0.9514,10,10,0,0,0.0,4.5,0.8708,8,11,20,2,4.9
closures,6,greedy_schedule,True,True,4.785,4.785,0.5251,6,6,0,0,0.0,4.5,0.8259,8,11,16,2,2.2
closures,6,restart,True,True,8.669,8.669,0.9514,10,10,0,0,0.0,4.5,0.8708,11,14,20,2,9.2
closures,6,static,True,True,9.112,8.669,0.9514,11,10,1,0,0.0,4.5,0.8569,6,7,0,1,2.8
closures,7,full,True,True,11.993,11.993,0.965,15,15,0,0,0.0,5.6,0.8309,8,11,25,2,8.0
closures,7,greedy_order,True,True,10.488,10.488,0.8439,14,14,0,0,0.0,5.6,0.8097,10,14,29,3,3.7
closures,7,greedy_schedule,True,True,7.303,7.303,0.5876,8,8,0,0,0.0,5.6,0.8322,8,11,16,2,2.1
closures,7,restart,True,True,11.993,11.993,0.965,15,15,0,0,0.0,5.6,0.8309,11,14,25,2,8.5
closures,7,static,True,True,12.428,11.009,0.8858,16,14,2,0,0.0,5.6,0.8248,6,7,0,1,4.6
closures,8,full,True,False,6.903,5.939,0.8089,12,11,1,1,0.0,7.0,0.7327,10,13,24,2,2.5
closures,8,greedy_order,True,False,6.903,5.939,0.8089,12,11,1,1,0.0,7.0,0.7327,10,13,24,2,2.4
closures,8,greedy_schedule,True,False,3.664,3.664,0.499,7,7,0,1,0.0,7.0,0.7013,10,13,18,2,2.1
closures,8,restart,True,False,6.903,5.939,0.8089,12,11,1,1,0.0,7.0,0.7327,11,14,24,2,2.8
closures,8,static,True,True,7.342,5.054,0.6884,13,9,4,1,0.0,7.0,0.731,6,7,0,1,1.5
closures,9,full,True,True,8.441,8.441,0.9972,13,13,0,0,0.0,4.4,0.7366,10,14,27,3,8.6
closures,9,greedy_order,True,True,8.441,8.441,0.9972,13,13,0,0,0.0,4.4,0.7366,10,14,27,3,8.6
closures,9,greedy_schedule,True,True,4.288,4.288,0.5066,6,6,0,0,0.0,4.4,0.687,10,14,18,3,2.6
closures,9,restart,True,True,8.441,8.441,0.9972,13,13,0,0,0.0,4.4,0.7366,16,20,27,3,14.1
closures,9,static,True,True,8.465,5.596,0.6611,13,9,4,0,0.0,4.4,0.7483,6,7,0,1,6.0
closures,10,full,True,False,3.173,2.726,0.6718,6,5,1,1,0.0,7.0,0.6662,16,21,24,4,3.4
closures,10,greedy_order,True,False,3.173,2.726,0.6718,6,5,1,1,0.0,7.0,0.6662,16,21,24,4,3.5
closures,10,greedy_schedule,True,False,3.173,2.726,0.6718,6,5,1,1,0.0,7.0,0.6662,16,21,24,4,3.1
closures,10,restart,True,False,3.173,2.726,0.6718,6,5,1,1,0.0,7.0,0.6662,21,26,24,4,4.6
closures,10,static,True,True,4.058,2.722,0.6708,8,5,3,1,0.0,7.0,0.6803,6,7,0,1,1.2
closures,11,full,True,True,7.03,7.03,0.7391,11,11,0,0,0.0,4.1,0.7858,8,11,22,2,2.3
closures,11,greedy_order,True,True,7.03,7.03,0.7391,11,11,0,0,0.0,4.1,0.7858,8,11,22,2,2.5
closures,11,greedy_schedule,True,True,4.69,4.69,0.4931,7,7,0,0,0.0,4.1,0.7442,12,17,20,4,3.1
closures,11,restart,True,True,7.03,7.03,0.7391,11,11,0,0,0.0,4.1,0.7858,11,14,22,2,2.9
closures,11,static,True,True,9.512,6.145,0.646,13,9,4,0,0.0,4.1,0.8227,6,7,0,1,1.6
closures,12,full,True,True,4.73,4.73,0.8272,7,7,0,0,0.0,4.4,0.7057,12,17,19,4,2.7
closures,12,greedy_order,True,True,4.73,4.73,0.8272,7,7,0,0,0.0,4.4,0.7057,12,17,19,4,2.6
closures,12,greedy_schedule,True,True,3.387,3.387,0.5923,4,4,0,0,0.0,4.4,0.7159,12,17,15,4,2.5
closures,12,restart,True,True,4.73,4.73,0.8272,7,7,0,0,0.0,4.4,0.7057,21,26,19,4,4.1
closures,12,static,True,True,5.718,3.837,0.671,8,5,3,0,0.0,4.4,0.7424,6,7,0,1,1.0
closures,13,full,True,True,7.192,7.192,0.8357,9,9,0,0,0.0,9.3,0.7634,10,14,23,3,5.1
closures,13,greedy_order,True,True,7.721,7.721,0.8972,9,9,0,0,0.0,9.3,0.7798,10,14,23,3,13.8
closures,13,greedy_schedule,True,True,5.741,5.741,0.6671,7,7,0,0,0.0,9.3,0.7246,10,14,20,3,2.5
closures,13,restart,True,True,7.192,7.192,0.8357,9,9,0,0,0.0,9.3,0.7634,16,20,23,3,6.0
closures,13,static,True,True,8.606,6.22,0.7228,11,8,3,0,0.0,9.3,0.7711,6,7,0,1,2.4
closures,14,full,True,True,10.203,10.203,0.966,11,11,0,0,0.0,7.0,0.8401,10,14,29,3,3.9
closures,14,greedy_order,True,True,10.203,10.203,0.966,11,11,0,0,0.0,7.0,0.8401,10,14,29,3,4.2
closures,14,greedy_schedule,True,True,6.852,6.852,0.6487,7,7,0,0,0.0,7.0,0.8212,10,14,22,3,2.6
closures,14,restart,True,True,10.203,10.203,0.966,11,11,0,0,0.0,7.0,0.8401,16,20,29,3,4.9
closures,14,static,True,True,10.562,6.295,0.596,13,7,6,0,0.0,7.0,0.8215,6,7,0,1,1.5
closures,15,full,True,True,12.874,12.874,1.0,17,17,0,0,0.0,5.6,0.8217,9,12,27,2,9.9
closures,15,greedy_order,True,True,8.606,8.606,0.6685,11,11,0,0,0.0,5.6,0.799,10,14,28,3,4.5
closures,15,greedy_schedule,True,True,8.61,8.61,0.6688,11,11,0,0,0.0,5.6,0.8016,10,14,22,3,3.0
closures,15,restart,True,True,12.874,12.874,1.0,17,17,0,0,0.0,5.6,0.8217,11,14,27,2,10.1
closures,15,static,True,False,12.874,10.881,0.8452,17,15,2,0,0.37,5.6,0.8217,6,7,0,1,4.6
closures,16,full,True,True,6.232,6.232,0.9234,8,8,0,0,0.0,4.1,0.8147,8,11,16,2,1.7
closures,16,greedy_order,True,True,6.232,6.232,0.9234,8,8,0,0,0.0,4.1,0.8147,8,11,16,2,1.7
closures,16,greedy_schedule,True,True,3.833,3.833,0.5679,5,5,0,0,0.0,4.1,0.7704,8,11,13,2,1.6
closures,16,restart,True,True,6.232,6.232,0.9234,8,8,0,0,0.0,4.1,0.8147,11,14,16,2,2.2
closures,16,static,True,True,6.749,5.777,0.856,8,7,1,0,0.0,4.1,0.8213,6,7,0,1,1.1
closures,17,full,True,True,6.674,6.674,1.1672,9,9,0,0,0.0,4.4,0.7464,8,11,17,2,1.6
closures,17,greedy_order,True,True,6.674,6.674,1.1672,9,9,0,0,0.0,4.4,0.7464,8,11,17,2,1.6
closures,17,greedy_schedule,True,True,4.793,4.793,0.8382,6,6,0,0,0.0,4.4,0.7077,8,11,15,2,1.6
closures,17,restart,True,True,6.674,6.674,1.1672,9,9,0,0,0.0,4.4,0.7464,11,14,17,2,2.2
closures,17,static,True,True,5.718,4.73,0.8272,8,7,1,0,0.0,4.4,0.7424,6,7,0,1,1.1
closures,18,full,True,True,10.582,10.582,0.822,13,13,0,0,0.0,5.6,0.8277,9,12,26,2,8.5
closures,18,greedy_order,True,True,9.061,9.061,0.7038,12,12,0,0,0.0,5.6,0.8023,10,14,25,3,3.7
closures,18,greedy_schedule,True,True,6.331,6.331,0.4918,7,7,0,0,0.0,5.6,0.8249,8,11,16,2,2.3
closures,18,restart,True,True,10.582,10.582,0.822,13,13,0,0,0.0,5.6,0.8277,11,14,26,2,9.4
closures,18,static,True,False,12.874,9.134,0.7095,17,11,6,0,0.37,5.6,0.8217,6,7,0,1,5.0
closures,19,full,True,True,3.525,3.525,0.8687,8,8,0,0,0.0,7.0,0.6549,12,17,23,4,3.1
closures,19,greedy_order,True,True,3.525,3.525,0.8687,8,8,0,0,0.0,7.0,0.6549,12,17,23,4,3.7
closures,19,greedy_schedule,True,True,2.652,2.652,0.6535,6,6,0,0,0.0,7.0,0.6466,10,14,19,3,2.4
closures,19,restart,True,True,3.525,3.525,0.8687,8,8,0,0,0.0,7.0,0.6549,21,26,23,4,6.1
closures,19,static,True,True,4.058,2.648,0.6525,8,6,2,0,0.0,7.0,0.6803,6,7,0,1,1.3
closures,20,full,True,True,6.2,6.2,0.9187,8,8,0,0,0.0,4.1,0.7958,10,14,20,3,2.2
closures,20,greedy_order,True,True,6.2,6.2,0.9187,8,8,0,0,0.0,4.1,0.7958,10,14,20,3,2.2
closures,20,greedy_schedule,True,True,5.765,5.765,0.8542,7,7,0,0,0.0,4.1,0.8041,10,14,19,3,2.0
closures,20,restart,True,True,6.2,6.2,0.9187,8,8,0,0,0.0,4.1,0.7958,16,20,20,3,3.3
closures,20,static,True,True,6.749,5.315,0.7875,8,6,2,0,0.0,4.1,0.8213,6,7,0,1,1.1
closures,21,full,True,True,10.93,10.93,0.849,15,15,0,0,0.0,5.6,0.8077,10,14,26,3,14.3
closures,21,greedy_order,True,True,9.582,9.582,0.7443,12,12,0,0,0.0,5.6,0.8083,10,14,28,3,3.9
closures,21,greedy_schedule,True,True,7.283,7.283,0.5657,8,8,0,0,0.0,5.6,0.8222,10,14,19,3,2.8
closures,21,restart,True,True,10.93,10.93,0.849,15,15,0,0,0.0,5.6,0.8077,16,20,26,3,16.1
closures,21,static,True,True,12.874,9.946,0.7726,17,14,3,0,0.0,5.6,0.8217,6,7,0,1,4.7
closures,22,full,True,True,6.224,6.224,1.0885,8,8,0,0,0.0,4.4,0.746,10,14,20,3,3.0
closures,22,greedy_order,True,True,6.224,6.224,1.0885,8,8,0,0,0.0,4.4,0.746,10,14,20,3,2.2
closures,22,greedy_schedule,True,True,5.335,5.335,0.933,6,6,0,0,0.0,4.4,0.7561,8,11,14,2,1.6
closures,22,restart,True,True,6.224,6.224,1.0885,8,8,0,0,0.0,4.4,0.746,16,20,20,3,4.0
closures,22,static,True,True,5.718,3.829,0.6696,8,5,3,0,0.0,4.4,0.7424,6,7,0,1,1.1
closures,23,full,True,True,10.025,10.025,0.9492,13,13,0,0,0.0,7.0,0.806,8,11,25,2,2.7
closures,23,greedy_order,True,True,10.025,10.025,0.9492,13,13,0,0,0.0,7.0,0.806,8,11,25,2,2.6
closures,23,greedy_schedule,True,True,6.741,6.741,0.6382,8,8,0,0,0.0,7.0,0.7756,10,14,22,3,2.7
closures,23,restart,True,True,10.025,10.025,0.9492,13,13,0,0,0.0,7.0,0.806,11,14,25,2,3.1
closures,23,static,True,True,10.562,8.61,0.8152,13,11,2,0,0.0,7.0,0.8215,6,7,0,1,1.6
closures,24,full,True,True,6.584,6.584,0.8212,10,10,0,0,0.0,4.4,0.728,10,14,23,3,7.2
closures,24,greedy_order,True,True,6.584,6.584,0.8212,10,10,0,0,0.0,4.4,0.728,10,14,23,3,7.1
closures,24,greedy_schedule,True,True,5.157,5.157,0.6432,8,8,0,0,0.0,4.4,0.6908,12,17,20,4,3.4
closures,24,restart,True,True,6.584,6.584,0.8212,10,10,0,0,0.0,4.4,0.728,16,20,23,3,8.1
closures,24,static,True,True,8.018,6.145,0.7664,12,9,3,0,0.0,4.4,0.7479,6,7,0,1,5.3
closures,25,full,True,True,7.342,7.342,1.0,13,13,0,0,0.0,7.0,0.7302,8,11,29,2,2.3
closures,25,greedy_order,True,True,7.342,7.342,1.0,13,13,0,0,0.0,7.0,0.7302,8,11,29,2,2.4
closures,25,greedy_schedule,True,True,4.185,4.185,0.57,7,7,0,0,0.0,7.0,0.7224,10,14,24,3,2.7
closures,25,restart,True,True,7.342,7.342,1.0,13,13,0,0,0.0,7.0,0.7302,11,14,29,2,2.9
closures,25,static,True,True,7.342,5.026,0.6846,13,9,4,0,0.0,7.0,0.731,6,7,0,1,1.8
closures,26,full,True,True,3.106,3.106,0.7654,7,7,0,0,0.0,7.0,0.654,8,11,19,2,1.9
closures,26,greedy_order,True,True,3.106,3.106,0.7654,7,7,0,0,0.0,7.0,0.654,8,11,19,2,1.8
closures,26,greedy_schedule,True,True,2.668,2.668,0.6575,6,6,0,0,0.0,7.0,0.6495,8,11,17,2,1.8
closures,26,restart,True,True,3.106,3.106,0.7654,7,7,0,0,0.0,7.0,0.654,11,14,19,2,2.8
closures,26,static,True,True,4.058,2.229,0.5493,8,5,3,0,0.0,7.0,0.6803,6,7,0,1,1.3
closures,27,full,True,True,9.397,9.397,0.9879,14,14,0,0,0.0,4.1,0.7979,8,11,23,2,2.6
closures,27,greedy_order,True,True,9.397,9.397,0.9879,14,14,0,0,0.0,4.1,0.7979,8,11,23,2,2.8
closures,27,greedy_schedule,True,True,6.311,6.311,0.6635,7,7,0,0,0.0,4.1,0.8323,8,11,15,2,1.9
closures,27,restart,True,True,9.397,9.397,0.9879,14,14,0,0,0.0,4.1,0.7979,11,14,23,2,3.1
closures,27,static,True,True,9.512,8.085,0.85,13,11,2,0,0.0,4.1,0.8227,6,7,0,1,1.6
closures,28,full,True,True,5.327,5.327,0.7774,6,6,0,0,0.0,7.0,0.7618,12,17,22,4,2.8
closures,28,greedy_order,True,True,5.327,5.327,0.7774,6,6,0,0,0.0,7.0,0.7618,12,17,22,4,3.0
closures,28,greedy_schedule,True,True,5.327,5.327,0.7774,6,6,0,0,0.0,7.0,0.7618,12,17,22,4,2.6
closures,28,restart,True,True,5.327,5.327,0.7774,6,6,0,0,0.0,7.0,0.7618,21,26,22,4,4.2
closures,28,static,True,True,6.852,3.92,0.5721,7,4,3,0,0.0,7.0,0.8314,6,7,0,1,1.1
closures,29,full,True,True,10.112,10.112,1.0,12,12,0,0,0.0,7.0,0.819,8,11,25,2,2.5
closures,29,greedy_order,True,True,10.112,10.112,1.0,12,12,0,0,0.0,7.0,0.819,8,11,25,2,2.5
closures,29,greedy_schedule,True,True,7.721,7.721,0.7635,9,9,0,0,0.0,7.0,0.7995,8,11,22,2,1.9
closures,29,restart,True,True,10.112,10.112,1.0,12,12,0,0,0.0,7.0,0.819,11,14,25,2,3.0
closures,29,static,True,True,10.112,8.152,0.8062,12,10,2,0,0.0,7.0,0.819,6,7,0,1,1.7
strikes,0,full,True,False,8.104,5.334,0.5877,16,11,5,2,0.0,8.3,0.6999,10,13,29,2,3.7
strikes,0,greedy_order,True,False,8.104,5.334,0.5877,16,11,5,2,0.0,8.3,0.6999,10,13,29,2,3.8
strikes,0,greedy_schedule,True,False,6.429,5.101,0.562,11,8,3,2,0.0,8.3,0.7135,10,13,26,2,2.8
strikes,0,restart,True,False,8.104,5.334,0.5877,16,11,5,2,0.0,8.3,0.6999,11,14,29,2,4.4
strikes,0,static,True,False,8.104,5.334,0.5877,16,11,5,2,0.0,8.3,0.6999,6,7,0,1,2.3
strikes,1,full,True,False,10.021,9.049,0.903,13,12,1,1,0.0,8.7,0.7868,10,13,26,2,2.9
strikes,1,greedy_order,True,False,7.713,5.757,0.5745,9,7,2,2,0.0,8.5,0.7751,10,13,25,2,2.6
strikes,1,greedy_schedule,True,False,5.761,4.789,0.4779,7,6,1,1,0.0,8.7,0.736,10,13,22,2,2.4
strikes,1,restart,True,False,10.021,9.049,0.903,13,12,1,1,0.0,8.7,0.7868,11,14,26,2,3.3
strikes,1,static,True,True,10.021,7.085,0.707,13,10,3,2,0.0,8.5,0.7886,6,7,0,1,1.5
strikes,2,full,True,False,8.465,6.509,0.7689,13,11,2,1,0.0,5.9,0.7226,10,13,24,2,2.4
strikes,2,greedy_order,True,False,8.465,6.509,0.7689,13,11,2,1,0.0,5.9,0.7226,10,13,24,2,2.4
strikes,2,greedy_schedule,True,False,6.658,5.678,0.6708,9,8,1,1,0.0,5.9,0.7036,10,13,20,2,2.4
strikes,2,restart,True,False,8.465,6.509,0.7689,13,11,2,1,0.0,5.9,0.7226,11,14,24,2,2.8
strikes,2,static,True,True,8.465,6.509,0.7689,13,11,2,1,0.0,5.9,0.7226,6,7,0,1,1.4
strikes,3,full,True,False,10.219,7.018,0.6868,17,11,6,2,0.0,9.2,0.6817,10,13,28,2,11.6
strikes,3,greedy_order,True,False,10.219,7.018,0.6868,17,11,6,2,0.0,9.2,0.6817,10,13,28,2,11.5
strikes,3,greedy_schedule,True,False,7.907,5.612,0.5492,13,9,4,2,0.0,9.2,0.6476,10,13,24,2,3.0
strikes,3,restart,True,False,10.219,7.018,0.6868,17,11,6,2,0.0,9.2,0.6817,11,14,28,2,11.6
strikes,3,static,True,True,10.219,7.018,0.6868,17,11,6,2,0.0,9.2,0.6817,6,7,0,1,5.6
strikes,4,full,True,False,10.617,3.9,0.2996,12,4,8,3,0.0,12.3,0.7787,10,13,30,2,13.8
strikes,4,greedy_order,True,False,12.044,11.06,0.8497,14,13,1,1,0.0,12.3,0.7927,10,13,27,2,9.0
strikes,4,greedy_schedule,True,False,6.737,3.355,0.2578,8,4,4,3,0.0,12.3,0.7311,10,13,26,2,2.9
strikes,4,restart,True,False,10.617,3.9,0.2996,12,4,8,3,0.0,12.3,0.7787,11,14,30,2,15.2
strikes,4,static,True,True,13.016,2.371,0.1822,15,3,12,3,0.0,12.3,0.7997,6,7,0,1,7.1
strikes,5,full,True,False,6.919,5.955,0.755,12,11,1,1,0.0,9.5,0.7262,19,24,65,4,8.4
strikes,5,greedy_order,True,False,5.887,3.382,0.4288,11,7,4,2,5.95,9.5,0.6838,24,30,45,5,8.8
strikes,5,greedy_schedule,True,False,5.564,4.236,0.5371,9,6,3,2,0.0,8.3,0.7325,19,25,30,5,5.2
strikes,5,restart,True,False,5.014,2.596,0.3291,9,5,4,2,4.49,8.3,0.6926,26,32,33,5,8.7
strikes,5,static,True,False,5.453,2.592,0.3286,10,5,5,2,4.63,8.3,0.6918,6,7,0,1,1.4
strikes,6,full,True,False,11.06,9.187,0.8307,13,10,3,2,0.0,7.8,0.8506,10,13,28,2,2.5
strikes,6,greedy_order,True,False,11.06,9.187,0.8307,13,10,3,2,0.0,7.8,0.8506,10,13,28,2,2.4
strikes,6,greedy_schedule,True,False,6.761,4.888,0.442,8,5,3,2,0.0,7.8,0.8355,10,13,22,2,2.4
strikes,6,restart,True,False,11.06,9.187,0.8307,13,10,3,2,0.0,7.8,0.8506,11,14,28,2,2.8
strikes,6,static,True,True,11.06,8.657,0.7827,13,10,3,2,0.0,7.8,0.8506,6,7,0,1,1.4
strikes,7,full,True,False,6.354,4.931,0.6734,12,10,2,1,0.0,8.3,0.7015,10,13,27,2,2.5
strikes,7,greedy_order,True,False,6.354,4.931,0.6734,12,10,2,1,0.0,8.3,0.7015,10,13,27,2,4.4
strikes,7,greedy_schedule,True,False,4.6,3.177,0.4339,8,6,2,1,0.0,8.3,0.7058,10,13,22,2,2.8
strikes,7,restart,True,False,6.354,4.931,0.6734,12,10,2,1,0.0,8.3,0.7015,11,14,27,2,3.0
strikes,7,static,True,True,7.322,4.497,0.6142,13,9,4,1,0.0,8.3,0.7191,6,7,0,1,1.5
strikes,8,full,True,False,8.614,8.172,0.9487,11,10,1,1,0.0,8.3,0.7777,10,13,24,2,3.9
strikes,8,greedy_order,True,False,8.614,8.172,0.9487,11,10,1,1,0.0,8.3,0.7777,10,13,24,2,2.5
strikes,8,greedy_schedule,True,False,5.24,4.797,0.5569,7,6,1,1,0.0,8.3,0.718,10,13,22,2,2.7
strikes,8,restart,True,False,8.614,8.172,0.9487,11,10,1,1,0.0,8.3,0.7777,11,14,24,2,2.9
strikes,8,static,True,True,8.614,7.2,0.8358,11,9,2,1,0.0,8.1,0.7798,6,7,0,1,1.4
strikes,9,full,True,False,10.506,8.104,0.7714,13,10,3,2,0.0,7.8,0.8273,10,13,29,2,2.9
strikes,9,greedy_order,True,False,10.506,8.104,0.7714,13,10,3,2,0.0,7.8,0.8273,10,13,29,2,2.4
strikes,9,greedy_schedule,True,False,7.18,4.777,0.4547,9,6,3,2,0.0,7.8,0.811,10,13,27,2,2.5
strikes,9,restart,True,False,10.506,8.104,0.7714,13,10,3,2,0.0,7.8,0.8273,11,14,29,2,3.0
strikes,9,static,True,False,6.61,4.255,0.405,9,7,2,2,8.59,7.8,0.7689,6,7,0,1,1.4
strikes,10,full,True,True,14.305,14.305,1.0,19,19,0,0,0.0,6.1,0.826,17,22,59,4,8.0
strikes,10,greedy_order,True,True,14.305,14.305,1.0,19,19,0,0,0.0,6.1,0.826,17,22,59,4,8.3
strikes,10,greedy_schedule,True,True,9.693,9.693,0.6776,11,11,0,0,0.0,6.1,0.8321,17,22,47,4,6.3
strikes,10,restart,True,False,14.356,11.973,0.837,18,15,3,1,0.0,11.5,0.7901,26,32,31,5,11.4
strikes,10,static,True,False,14.356,8.053,0.563,18,11,7,2,0.0,11.3,0.7915,6,7,0,1,2.6
strikes,11,full,True,False,8.551,7.148,0.7876,17,15,2,1,0.0,9.5,0.6972,19,24,58,4,8.6
strikes,11,greedy_order,True,False,7.69,5.849,0.6444,15,12,3,1,0.0,9.5,0.6988,24,30,38,5,10.3
strikes,11,greedy_schedule,True,False,6.449,5.548,0.6113,11,9,2,1,0.0,8.3,0.723,10,13,24,2,2.7
strikes,11,restart,True,False,8.104,6.757,0.7445,16,13,3,1,0.0,8.3,0.6999,26,32,29,5,9.6
strikes,11,static,True,False,8.104,6.757,0.7445,16,13,3,1,0.0,8.3,0.6999,6,7,0,1,2.0
strikes,12,full,True,False,8.63,4.402,0.5101,16,10,6,3,0.0,9.5,0.7079,19,24,58,4,7.8
strikes,12,greedy_order,True,False,8.555,5.817,0.674,17,12,5,2,0.0,9.3,0.6978,24,30,43,5,10.2
strikes,12,greedy_schedule,True,False,6.429,5.042,0.5842,11,9,2,2,0.0,8.3,0.7161,10,13,25,2,2.8
strikes,12,restart,True,False,8.088,4.825,0.5591,16,11,5,2,0.0,8.3,0.6966,26,32,29,5,8.4
strikes,12,static,True,False,8.088,4.825,0.5591,16,11,5,2,0.0,8.3,0.6966,6,7,0,1,1.7
strikes,13,full,True,False,9.769,8.879,0.9089,16,14,2,1,0.0,9.2,0.6757,10,13,29,2,4.5
strikes,13,greedy_order,True,False,9.769,8.879,0.9089,16,14,2,1,0.0,9.2,0.6757,10,13,29,2,4.4
strikes,13,greedy_schedule,True,False,8.346,7.03,0.7196,14,11,3,1,0.0,9.2,0.6503,10,13,27,2,2.8
strikes,13,restart,True,False,9.769,8.879,0.9089,16,14,2,1,0.0,9.2,0.6757,11,14,29,2,4.8
strikes,13,static,True,True,9.769,7.903,0.809,16,13,3,1,0.0,9.2,0.6757,6,7,0,1,2.8
strikes,14,full,True,False,9.132,6.729,0.6084,11,8,3,2,0.0,7.8,0.8372,10,13,29,2,2.5
strikes,14,greedy_order,True,False,9.132,6.729,0.6084,11,8,3,2,0.0,7.8,0.8372,10,13,29,2,2.5
strikes,14,greedy_schedule,True,False,6.753,4.351,0.3934,8,5,3,2,0.0,7.8,0.8323,10,13,23,2,2.4
strikes,14,restart,True,False,9.132,6.729,0.6084,11,8,3,2,0.0,7.8,0.8372,11,14,29,2,2.8
strikes,14,static,True,True,11.06,6.263,0.5663,13,7,6,2,0.0,7.8,0.8506,6,7,0,1,1.5
strikes,15,full,True,False,9.534,8.55,0.8138,12,11,1,1,0.0,7.8,0.8182,10,13,27,2,2.4
strikes,15,greedy_order,True,False,9.534,8.55,0.8138,12,11,1,1,0.0,7.8,0.8182,10,13,27,2,2.4
strikes,15,greedy_schedule,True,False,6.208,5.224,0.4972,8,7,1,1,0.0,7.8,0.7964,10,13,23,2,2.6
strikes,15,restart,True,False,9.534,8.55,0.8138,12,11,1,1,0.0,7.8,0.8182,11,14,27,2,2.9
strikes,15,static,True,True,10.506,8.55,0.8138,13,11,2,1,0.0,7.8,0.8273,6,7,0,1,1.4
strikes,16,full,True,False,13.297,10.914,0.8208,18,15,3,1,0.0,8.5,0.7997,10,13,31,2,3.0
strikes,16,greedy_order,True,False,12.85,11.878,0.8933,17,16,1,1,0.0,8.7,0.7994,16,21,33,4,7.6
strikes,16,greedy_schedule,True,False,9.136,7.196,0.5412,11,9,2,1,0.0,8.5,0.7879,10,13,25,2,2.8
strikes,16,restart,True,False,13.297,10.914,0.8208,18,15,3,1,0.0,8.5,0.7997,11,14,31,2,3.4
strikes,16,static,True,True,13.297,10.914,0.8208,18,15,3,1,0.0,8.5,0.7997,6,7,0,1,1.7
strikes,17,full,True,False,10.506,8.558,0.8146,13,11,2,1,0.0,7.8,0.8273,10,13,29,2,2.6
strikes,17,greedy_order,True,False,10.506,8.558,0.8146,13,11,2,1,0.0,7.8,0.8273,10,13,29,2,3.1
strikes,17,greedy_schedule,True,False,7.18,7.18,0.6834,9,9,0,1,0.0,7.8,0.811,10,13,27,2,2.7
strikes,17,restart,True,False,10.506,8.558,0.8146,13,11,2,1,0.0,7.8,0.8273,11,14,29,2,2.8
strikes,17,static,True,False,6.61,4.935,0.4697,9,7,2,1,5.17,7.8,0.7735,6,7,0,1,1.4
strikes,18,full,True,False,7.342,5.939,0.8089,13,11,2,1,0.0,8.3,0.7252,10,13,26,2,2.5
strikes,18,greedy_order,True,False,7.342,5.939,0.8089,13,11,2,1,0.0,8.3,0.7252,10,13,26,2,2.4
strikes,18,greedy_schedule,True,False,4.62,4.181,0.5695,8,7,1,1,0.0,8.3,0.715,10,13,21,2,2.4
strikes,18,restart,True,False,7.342,5.939,0.8089,13,11,2,1,0.0,8.3,0.7252,11,14,26,2,3.0
strikes,18,static,True,True,7.342,5.939,0.8089,13,11,2,1,0.0,8.3,0.7252,6,7,0,1,1.5
strikes,19,full,True,False,8.022,6.066,0.7562,12,10,2,1,0.0,5.9,0.7234,10,13,23,2,2.4
strikes,19,greedy_order,True,False,8.022,6.066,0.7562,12,10,2,1,0.0,5.9,0.7234,10,13,23,2,2.4
strikes,19,greedy_schedule,True,False,5.694,4.714,0.5876,8,7,1,1,0.0,5.9,0.6819,10,13,20,2,2.5
strikes,19,restart,True,False,8.022,6.066,0.7562,12,10,2,1,0.0,5.9,0.7234,11,14,23,2,2.9
strikes,19,static,True,True,8.022,6.066,0.7562,12,10,2,1,0.0,5.9,0.7234,6,7,0,1,1.4
strikes,20,full,True,False,12.028,9.199,0.7648,14,10,4,2,0.0,7.8,0.828,10,13,29,2,3.2
strikes,20,greedy_order,True,False,9.649,6.717,0.5584,11,8,3,2,0.0,7.8,0.8124,10,13,24,2,3.9
strikes,20,greedy_schedule,True,False,6.836,5.856,0.4869,7,6,1,2,0.0,7.8,0.821,10,13,22,2,2.8
strikes,20,restart,True,False,12.028,9.199,0.7648,14,10,4,2,0.0,7.8,0.828,11,14,29,2,3.6
strikes,20,static,True,True,12.028,7.251,0.6028,14,8,6,2,0.0,7.8,0.828,6,7,0,1,1.9
strikes,21,full,True,False,11.147,9.203,0.8247,12,10,2,2,0.0,7.8,0.8411,10,13,29,2,2.8
strikes,21,greedy_order,True,False,10.558,6.658,0.5966,13,9,4,2,0.0,7.8,0.8135,10,13,27,2,2.5
strikes,21,greedy_schedule,True,False,7.812,5.868,0.5259,8,6,2,2,0.0,7.8,0.8297,10,13,23,2,2.4
strikes,21,restart,True,False,11.147,9.203,0.8247,12,10,2,2,0.0,7.8,0.8411,11,14,29,2,2.8
strikes,21,static,True,True,11.159,7.247,0.6494,12,8,4,2,0.0,7.8,0.8458,6,7,0,1,1.4
strikes,22,full,True,True,9.322,9.322,0.9535,15,15,0,0,0.0,6.1,0.711,10,13,27,2,3.7
strikes,22,greedy_order,True,False,9.777,7.915,0.8096,16,13,3,1,0.0,6.1,0.7146,16,21,52,4,5.9
strikes,22,greedy_schedule,True,True,6.58,6.58,0.673,10,10,0,0,0.0,6.1,0.6806,10,13,22,2,3.0
strikes,22,restart,True,True,9.322,9.322,0.9535,15,15,0,0,0.0,6.1,0.711,11,14,27,2,4.1
strikes,22,static,True,True,9.777,8.334,0.8524,16,14,2,1,0.0,5.9,0.7176,6,7,0,1,2.1
strikes,23,full,True,False,10.005,7.717,0.5976,13,9,4,1,0.0,7.8,0.8179,10,13,32,2,24.2
strikes,23,greedy_order,True,False,10.005,7.717,0.5976,13,9,4,1,0.0,7.8,0.8179,10,13,32,2,24.1
strikes,23,greedy_schedule,True,False,6.65,5.232,0.4052,9,7,2,1,0.0,7.8,0.7915,10,13,25,2,3.1
strikes,23,restart,True,False,10.005,7.717,0.5976,13,9,4,1,0.0,7.8,0.8179,11,14,32,2,24.8
strikes,23,static,True,True,12.913,8.653,0.6701,16,10,6,1,0.0,7.8,0.8393,6,7,0,1,13.5
strikes,24,full,True,False,7.907,6.493,0.8212,13,11,2,1,0.0,5.9,0.6978,10,13,26,2,2.5
strikes,24,greedy_order,True,False,7.907,6.493,0.8212,13,11,2,1,0.0,5.9,0.6978,10,13,26,2,2.5
strikes,24,greedy_schedule,True,False,5.592,5.157,0.6522,9,8,1,1,0.0,5.9,0.654,10,13,23,2,2.5
strikes,24,restart,True,False,7.907,6.493,0.8212,13,11,2,1,0.0,5.9,0.6978,11,14,26,2,2.9
strikes,24,static,True,True,7.907,5.513,0.6972,13,10,3,1,0.0,5.9,0.6978,6,7,0,1,1.4
strikes,25,full,True,False,10.029,9.045,0.9019,13,12,1,1,0.0,10.4,0.8048,19,24,52,4,9.7
strikes,25,greedy_order,True,False,11.937,9.534,0.9506,15,12,3,2,0.0,10.4,0.8167,24,30,34,5,11.5
strikes,25,greedy_schedule,True,False,6.279,5.848,0.5831,7,6,1,2,0.0,7.8,0.8442,10,13,23,2,3.0
strikes,25,restart,True,False,9.965,7.562,0.754,13,10,3,2,0.0,7.8,0.8078,26,32,26,5,10.6
strikes,25,static,True,False,9.965,7.562,0.754,13,10,3,2,0.0,7.8,0.8078,6,7,0,1,2.2
strikes,26,full,True,False,8.551,8.112,0.8938,17,16,1,1,0.0,9.3,0.698,19,24,62,4,8.0
strikes,26,greedy_order,True,False,8.108,5.817,0.6409,16,12,4,2,0.0,9.5,0.6957,24,30,44,5,9.9
strikes,26,greedy_schedule,True,False,6.449,5.121,0.5642,11,8,3,2,0.0,8.3,0.723,10,13,24,2,2.7
strikes,26,restart,True,False,8.104,5.781,0.637,16,12,4,2,0.0,8.3,0.6992,26,32,31,5,9.7
strikes,26,static,True,False,8.104,4.899,0.5398,16,10,6,2,0.0,8.3,0.6999,6,7,0,1,1.9
strikes,27,full,True,False,10.025,9.053,0.903,13,12,1,1,0.0,8.7,0.7857,10,13,26,2,2.4
strikes,27,greedy_order,True,False,9.041,8.59,0.8569,12,11,1,1,0.0,8.7,0.772,10,13,29,2,2.5
strikes,27,greedy_schedule,True,False,5.765,4.793,0.4781,7,6,1,1,0.0,8.7,0.745,10,13,22,2,2.4
strikes,27,restart,True,False,10.025,9.053,0.903,13,12,1,1,0.0,8.7,0.7857,11,14,26,2,2.8
strikes,27,static,True,True,10.025,9.053,0.903,13,12,1,1,0.0,8.5,0.7875,6,7,0,1,1.4
strikes,28,full,True,False,10.807,9.835,0.8669,16,15,1,1,0.0,8.3,0.7677,10,13,28,2,3.3
strikes,28,greedy_order,True,False,10.807,9.835,0.8669,16,15,1,1,0.0,8.3,0.7677,10,13,28,2,3.3
strikes,28,greedy_schedule,True,False,7.654,6.24,0.55,10,8,2,1,0.0,8.3,0.7697,10,13,21,2,2.6
strikes,28,restart,True,False,10.807,9.835,0.8669,16,15,1,1,0.0,8.3,0.7677,11,14,28,2,3.7
strikes,28,static,True,True,11.345,9.401,0.8286,16,14,2,1,0.0,8.1,0.7822,6,7,0,1,1.9
strikes,29,full,True,False,9.436,8.037,0.707,13,11,2,1,0.0,7.8,0.7915,16,21,34,4,33.4
strikes,29,greedy_order,True,False,9.436,8.037,0.707,13,11,2,1,0.0,7.8,0.7915,16,21,34,4,33.7
strikes,29,greedy_schedule,True,False,6.709,5.737,0.5047,8,7,1,1,0.0,7.8,0.8206,10,13,25,2,2.8
strikes,29,restart,True,False,9.436,8.037,0.707,13,11,2,1,0.0,7.8,0.7915,21,26,34,4,35.0
strikes,29,static,True,True,11.368,6.065,0.5335,15,9,6,1,0.0,7.8,0.8097,6,7,0,1,15.6
budget_cut,0,full,True,True,7.192,7.192,1.0656,9,9,0,0,0.0,4.1,0.814,12,17,17,2,2.4
budget_cut,0,greedy_order,True,True,7.192,7.192,1.0656,9,9,0,0,0.0,4.1,0.814,12,17,17,2,2.4
budget_cut,0,greedy_schedule,True,True,5.248,5.248,0.7776,7,7,0,0,0.0,4.1,0.7857,12,17,15,2,2.2
budget_cut,0,restart,True,True,7.192,7.192,1.0656,9,9,0,0,0.0,4.1,0.814,17,22,17,2,3.3
budget_cut,0,static,True,False,6.749,5.966,0.884,8,7,1,0,5.28,4.1,0.8213,7,9,0,1,1.2
budget_cut,1,full,True,True,5.718,5.718,1.0,8,8,0,0,0.0,4.4,0.7424,10,14,15,2,1.7
budget_cut,1,greedy_order,True,True,5.718,5.718,1.0,8,8,0,0,0.0,4.4,0.7424,10,14,15,2,1.7
budget_cut,1,greedy_schedule,True,True,4.379,4.379,0.7658,5,5,0,0,0.0,4.4,0.7616,10,14,12,2,1.7
budget_cut,1,restart,True,True,5.718,5.718,1.0,8,8,0,0,0.0,4.4,0.7424,12,16,15,2,2.1
budget_cut,1,static,True,False,5.718,4.527,0.7917,8,8,0,0,20.84,4.4,0.7424,7,9,0,1,1.1
budget_cut,2,full,True,True,6.749,6.749,1.0,8,8,0,0,0.0,4.1,0.8213,10,14,15,2,1.8
budget_cut,2,greedy_order,True,True,6.749,6.749,1.0,8,8,0,0,0.0,4.1,0.8213,10,14,15,2,1.8
budget_cut,2,greedy_schedule,True,True,4.805,4.805,0.712,6,6,0,0,0.0,4.1,0.7928,10,14,13,2,1.7
budget_cut,2,restart,True,True,6.749,6.749,1.0,8,8,0,0,0.0,4.1,0.8213,12,16,15,2,2.2
budget_cut,2,static,True,False,6.749,5.747,0.8515,8,8,0,0,14.85,4.1,0.8213,7,9,0,1,1.2
budget_cut,3,full,True,True,5.161,5.161,1.0,8,8,0,0,0.0,4.4,0.7026,10,14,19,2,2.3
budget_cut,3,greedy_order,True,True,5.161,5.161,1.0,8,8,0,0,0.0,4.4,0.7026,10,14,19,2,2.5
budget_cut,3,greedy_schedule,True,True,4.173,4.173,0.8086,7,7,0,0,0.0,4.4,0.648,10,14,17,2,2.0
budget_cut,3,restart,True,True,5.161,5.161,1.0,8,8,0,0,0.0,4.4,0.7026,12,16,19,2,2.9
budget_cut,3,static,True,False,6.584,4.302,0.8336,10,10,0,0,34.66,4.4,0.7254,7,9,0,1,1.7
budget_cut,4,full,True,True,6.749,6.749,1.0,8,8,0,0,0.0,4.1,0.8213,10,14,15,2,1.8
budget_cut,4,greedy_order,True,True,6.749,6.749,1.0,8,8,0,0,0.0,4.1,0.8213,10,14,15,2,1.8
budget_cut,4,greedy_schedule,True,True,4.805,4.805,0.712,6,6,0,0,0.0,4.1,0.7928,10,14,13,2,1.7
budget_cut,4,restart,True,True,6.749,6.749,1.0,8,8,0,0,0.0,4.1,0.8213,12,16,15,2,2.2
budget_cut,4,static,True,False,6.749,5.534,0.82,8,8,0,0,18.0,4.1,0.8213,7,9,0,1,1.2
budget_cut,5,full,True,True,6.852,5.868,0.8564,7,6,1,1,0.0,7.0,0.8314,14,19,18,2,2.4
budget_cut,5,greedy_order,True,True,6.852,5.868,0.8564,7,6,1,1,0.0,7.0,0.8314,14,19,18,2,2.5
budget_cut,5,greedy_schedule,True,True,5.88,4.896,0.7145,6,5,1,1,0.0,7.0,0.8267,14,19,16,2,2.3
budget_cut,5,restart,True,True,6.852,5.868,0.8564,7,6,1,1,0.0,7.0,0.8314,17,22,18,2,3.1
budget_cut,5,static,True,False,6.852,3.693,0.539,7,5,2,1,24.44,7.0,0.8314,7,9,0,1,1.2
budget_cut,6,full,True,True,9.112,9.112,1.0,11,11,0,0,0.0,4.5,0.8569,10,14,20,2,5.0
budget_cut,6,greedy_order,True,True,9.112,9.112,1.0,11,11,0,0,0.0,4.5,0.8569,10,14,20,2,5.0
budget_cut,6,greedy_schedule,True,True,5.228,5.228,0.5737,7,7,0,0,0.0,4.5,0.8094,10,14,16,2,2.5
budget_cut,6,restart,True,True,9.112,9.112,1.0,11,11,0,0,0.0,4.5,0.8569,12,16,20,2,5.4
budget_cut,6,static,True,False,9.112,7.187,0.7887,11,11,0,0,21.12,4.5,0.8569,7,9,0,1,2.8
budget_cut,7,full,True,True,6.674,6.674,1.1672,9,9,0,0,0.0,4.4,0.7464,12,17,17,2,2.3
budget_cut,7,greedy_order,True,True,6.674,6.674,1.1672,9,9,0,0,0.0,4.4,0.7464,12,17,17,2,2.3
budget_cut,7,greedy_schedule,True,True,5.335,5.335,0.933,6,6,0,0,0.0,4.4,0.7561,12,17,14,2,2.2
budget_cut,7,restart,True,True,6.674,6.674,1.1672,9,9,0,0,0.0,4.4,0.7464,17,22,17,2,3.4
budget_cut,7,static,True,False,5.718,3.482,0.609,8,7,1,0,26.39,4.4,0.7424,7,9,0,1,1.2
budget_cut,8,full,True,True,5.706,5.706,0.928,8,8,0,0,0.0,4.4,0.7339,12,17,17,3,2.3
budget_cut,8,greedy_order,True,True,5.706,5.706,0.928,8,8,0,0,0.0,4.4,0.7339,12,17,17,3,2.3
budget_cut,8,greedy_schedule,True,True,4.379,4.379,0.7121,5,5,0,0,0.0,4.4,0.7616,10,14,12,2,2.0
budget_cut,8,restart,True,True,6.117,6.117,0.9948,9,9,0,0,0.0,4.4,0.7095,17,22,21,3,3.3
budget_cut,8,static,True,False,5.718,4.562,0.7419,8,8,0,0,20.23,4.4,0.7424,7,9,0,1,1.2
budget_cut,9,full,True,True,6.141,6.141,1.0,9,9,0,0,0.0,4.4,0.7267,10,14,19,2,2.4
budget_cut,9,greedy_order,True,True,6.141,6.141,1.0,9,9,0,0,0.0,4.4,0.7267,10,14,19,2,2.4
budget_cut,9,greedy_schedule,True,True,4.718,4.718,0.7683,7,7,0,0,0.0,4.4,0.6851,10,14,15,2,2.1
budget_cut,9,restart,True,True,6.141,6.141,1.0,9,9,0,0,0.0,4.4,0.7267,12,16,19,2,2.8
budget_cut,9,static,True,False,7.034,5.142,0.8373,11,11,0,0,26.89,4.4,0.7304,7,9,0,1,1.6
budget_cut,10,full,True,True,7.295,6.311,0.8651,8,7,1,1,0.0,7.0,0.8202,14,19,17,2,2.5
budget_cut,10,greedy_order,True,True,7.295,6.311,0.8651,8,7,1,1,0.0,7.0,0.8202,14,19,17,2,2.5
budget_cut,10,greedy_schedule,True,True,5.88,4.896,0.6711,6,5,1,1,0.0,7.0,0.8267,14,19,15,2,2.4
budget_cut,10,restart,True,True,7.295,6.311,0.8651,8,7,1,1,0.0,7.0,0.8202,17,22,17,2,3.4
budget_cut,10,static,True,False,6.852,5.227,0.7165,7,6,1,1,10.93,7.0,0.8314,7,9,0,1,1.2
budget_cut,11,full,True,True,7.125,7.125,1.0,10,10,0,0,0.0,4.4,0.7472,12,17,20,2,11.6
budget_cut,11,greedy_order,True,True,7.125,7.125,1.0,10,10,0,0,0.0,4.4,0.7472,12,17,20,2,12.0
budget_cut,11,greedy_schedule,True,True,5.698,5.698,0.7997,8,8,0,0,0.0,4.4,0.7138,12,17,17,3,2.9
budget_cut,11,restart,True,True,7.125,7.125,1.0,10,10,0,0,0.0,4.4,0.7472,17,22,20,2,12.7
budget_cut,11,static,True,False,8.018,5.517,0.7743,12,11,1,0,27.22,4.4,0.7479,7,9,0,1,5.3
budget_cut,12,full,True,False,5.757,5.668,0.9845,7,7,0,0,1.56,7.0,0.7559,16,22,26,3,4.1
budget_cut,12,greedy_order,True,False,5.757,5.668,0.9845,7,7,0,0,1.56,7.0,0.7559,16,22,26,3,4.1
budget_cut,12,greedy_schedule,True,True,3.904,3.904,0.6781,4,4,0,0,0.0,7.0,0.7446,12,17,21,2,2.7
budget_cut,12,restart,True,False,5.757,5.668,0.9845,7,7,0,0,1.56,7.0,0.7559,22,28,26,3,5.5
budget_cut,12,static,True,False,10.112,5.048,0.8768,12,11,1,0,44.72,7.0,0.819,7,9,0,1,1.7
budget_cut,13,full,True,True,7.594,6.279,0.8268,10,7,3,1,0.0,4.5,0.8187,14,19,19,2,3.5
budget_cut,13,greedy_order,True,True,7.594,6.279,0.8268,10,7,3,1,0.0,4.5,0.8187,14,19,19,2,3.6
budget_cut,13,greedy_schedule,True,True,5.335,4.363,0.5745,6,5,1,1,0.0,4.5,0.8675,14,19,15,2,3.9
budget_cut,13,restart,True,True,7.594,6.279,0.8268,10,7,3,1,0.0,4.5,0.8187,17,22,19,2,4.3
budget_cut,13,static,True,False,7.594,5.768,0.7595,10,7,3,1,8.13,4.5,0.8187,7,9,0,1,1.7
budget_cut,14,full,True,True,4.149,4.149,0.9004,7,7,0,0,0.0,7.0,0.7046,12,17,19,2,2.5
budget_cut,14,greedy_order,True,True,4.149,4.149,0.9004,7,7,0,0,0.0,7.0,0.7046,12,17,19,2,2.6
budget_cut,14,greedy_schedule,True,True,3.71,3.71,0.8051,6,6,0,0,0.0,7.0,0.7111,12,17,18,2,2.6
budget_cut,14,restart,True,True,4.149,4.149,0.9004,7,7,0,0,0.0,7.0,0.7046,17,22,19,2,3.4
budget_cut,14,static,True,False,4.058,2.866,0.622,8,7,1,0,20.82,7.0,0.6803,7,9,0,1,1.3
budget_cut,15,full,True,True,12.874,12.874,1.0,17,17,0,0,0.0,5.6,0.8217,10,14,24,2,8.9
budget_cut,15,greedy_order,True,True,11.017,11.017,0.8558,14,14,0,0,0.0,5.6,0.8177,12,17,24,2,4.2
budget_cut,15,greedy_schedule,True,True,5.801,5.801,0.4506,7,7,0,0,0.0,5.6,0.794,12,17,15,2,3.1
budget_cut,15,restart,True,True,12.874,12.874,1.0,17,17,0,0,0.0,5.6,0.8217,12,16,24,2,9.4
budget_cut,15,static,True,False,12.874,9.206,0.7151,17,17,0,0,28.49,5.6,0.8217,7,9,0,1,4.7
budget_cut,16,full,True,True,7.2,7.2,1.0,9,9,0,0,0.0,4.1,0.82,10,14,16,2,1.9
budget_cut,16,greedy_order,True,True,7.2,7.2,1.0,9,9,0,0,0.0,4.1,0.82,10,14,16,2,1.9
budget_cut,16,greedy_schedule,True,True,4.805,4.805,0.6674,6,6,0,0,0.0,4.1,0.7928,10,14,13,2,1.7
budget_cut,16,restart,True,True,7.2,7.2,1.0,9,9,0,0,0.0,4.1,0.82,12,16,16,2,2.3
budget_cut,16,static,True,False,6.749,5.961,0.8279,8,8,0,0,11.68,4.1,0.8213,7,9,0,1,1.2
budget_cut,17,full,True,True,7.295,7.295,1.0,8,8,0,0,0.0,7.0,0.8202,10,14,17,2,1.8
budget_cut,17,greedy_order,True,True,7.295,7.295,1.0,8,8,0,0,0.0,7.0,0.8202,10,14,17,2,1.8
budget_cut,17,greedy_schedule,True,True,5.88,5.88,0.806,6,6,0,0,0.0,7.0,0.8267,10,14,15,2,1.7
budget_cut,17,restart,True,True,7.295,7.295,1.0,8,8,0,0,0.0,7.0,0.8202,12,16,17,2,2.2
budget_cut,17,static,True,False,6.852,5.714,0.7833,7,7,0,0,16.62,7.0,0.8314,7,9,0,1,1.2
budget_cut,18,full,True,True,7.034,7.034,1.0,11,11,0,0,0.0,4.4,0.7304,10,14,18,2,2.7
budget_cut,18,greedy_order,True,True,7.034,7.034,1.0,11,11,0,0,0.0,4.4,0.7304,10,14,18,2,2.7
budget_cut,18,greedy_schedule,True,True,4.284,4.284,0.609,6,6,0,0,0.0,4.4,0.6919,10,14,13,2,2.1
budget_cut,18,restart,True,True,7.034,7.034,1.0,11,11,0,0,0.0,4.4,0.7304,12,16,18,2,3.1
budget_cut,18,static,True,False,7.034,4.387,0.6237,11,11,0,0,37.63,4.4,0.7304,7,9,0,1,1.6
budget_cut,19,full,True,True,8.164,8.164,0.9486,10,10,0,0,0.0,9.3,0.7735,12,17,20,2,5.0
budget_cut,19,greedy_order,True,True,9.136,9.136,1.0616,11,11,0,0,0.0,9.3,0.7845,12,17,24,2,12.6
budget_cut,19,greedy_schedule,True,True,6.287,6.287,0.7305,7,7,0,0,0.0,9.3,0.7529,12,17,18,2,2.7
budget_cut,19,restart,True,True,8.164,8.164,0.9486,10,10,0,0,0.0,9.3,0.7735,17,22,20,2,5.9
budget_cut,19,static,True,False,8.606,5.511,0.6404,11,10,1,0,32.49,9.3,0.7711,7,9,0,1,2.1
budget_cut,20,full,True,True,6.149,6.149,1.0,9,9,0,0,0.0,4.4,0.7309,12,17,17,2,2.4
budget_cut,20,greedy_order,True,True,6.149,6.149,1.0,9,9,0,0,0.0,4.4,0.7309,12,17,17,2,2.3
budget_cut,20,greedy_schedule,True,True,4.379,4.379,0.7121,5,5,0,0,0.0,4.4,0.7616,10,14,12,2,1.9
budget_cut,20,restart,True,True,6.149,6.149,1.0,9,9,0,0,0.0,4.4,0.7309,17,22,17,2,3.2
budget_cut,20,static,True,False,5.718,4.466,0.7263,8,7,1,0,15.22,4.4,0.7424,7,9,0,1,1.2
budget_cut,21,full,True,True,6.358,5.01,0.788,12,9,3,1,0.0,7.0,0.7083,14,19,24,2,3.9
budget_cut,21,greedy_order,True,True,6.358,5.01,0.788,12,9,3,1,0.0,7.0,0.7083,14,19,24,2,4.0
budget_cut,21,greedy_schedule,True,True,4.082,3.181,0.5003,8,6,2,1,0.0,7.0,0.6858,14,19,21,2,3.2
budget_cut,21,restart,True,True,6.358,5.01,0.788,12,9,3,1,0.0,7.0,0.7083,17,22,24,2,4.8
budget_cut,21,static,True,False,7.342,3.191,0.5019,13,9,4,1,36.3,7.0,0.731,7,9,0,1,1.9
budget_cut,22,full,True,True,7.2,7.2,1.0,9,9,0,0,0.0,4.1,0.82,10,14,16,2,2.1
budget_cut,22,greedy_order,True,True,7.2,7.2,1.0,9,9,0,0,0.0,4.1,0.82,10,14,16,2,2.0
budget_cut,22,greedy_schedule,True,True,4.805,4.805,0.6674,6,6,0,0,0.0,4.1,0.7928,10,14,13,2,1.9
budget_cut,22,restart,True,True,7.2,7.2,1.0,9,9,0,0,0.0,4.1,0.82,12,16,16,2,2.4
budget_cut,22,static,True,False,6.749,5.774,0.8019,8,8,0,0,14.44,4.1,0.8213,7,9,0,1,1.2
budget_cut,23,full,True,True,8.018,8.018,1.0,12,12,0,0,0.0,4.4,0.7479,12,17,20,2,14.6
budget_cut,23,greedy_order,True,True,8.018,8.018,1.0,12,12,0,0,0.0,4.4,0.7479,12,17,20,2,14.5
budget_cut,23,greedy_schedule,True,True,5.252,5.252,0.655,7,7,0,0,0.0,4.4,0.7093,12,17,16,2,3.1
budget_cut,23,restart,True,True,8.018,8.018,1.0,12,12,0,0,0.0,4.4,0.7479,17,22,20,2,15.4
budget_cut,23,static,True,False,8.018,4.827,0.602,12,11,1,0,36.32,4.4,0.7479,7,9,0,1,5.5
budget_cut,24,full,True,True,7.034,7.034,1.0,11,11,0,0,0.0,4.4,0.7304,10,14,18,2,2.7
budget_cut,24,greedy_order,True,True,7.034,7.034,1.0,11,11,0,0,0.0,4.4,0.7304,10,14,18,2,2.7
budget_cut,24,greedy_schedule,True,True,4.284,4.284,0.609,6,6,0,0,0.0,4.4,0.6919,10,14,13,2,2.1
budget_cut,24,restart,True,True,7.034,7.034,1.0,11,11,0,0,0.0,4.4,0.7304,12,16,18,2,3.1
budget_cut,24,static,True,False,7.034,5.006,0.7117,11,11,0,0,28.83,4.4,0.7304,7,9,0,1,1.6
budget_cut,25,full,True,True,6.745,6.745,0.9994,8,8,0,0,0.0,4.1,0.8232,12,17,16,2,2.5
budget_cut,25,greedy_order,True,True,6.745,6.745,0.9994,8,8,0,0,0.0,4.1,0.8232,12,17,16,2,2.4
budget_cut,25,greedy_schedule,True,True,4.805,4.805,0.712,6,6,0,0,0.0,4.1,0.7928,10,14,13,2,1.8
budget_cut,25,restart,True,True,6.745,6.745,0.9994,8,8,0,0,0.0,4.1,0.8232,17,22,16,2,3.2
budget_cut,25,static,True,False,6.749,5.662,0.8389,8,7,1,0,2.0,4.1,0.8213,7,9,0,1,1.2
budget_cut,26,full,True,True,7.136,7.136,0.8335,9,9,0,0,0.0,4.5,0.8245,12,17,22,3,3.1
budget_cut,26,greedy_order,True,True,7.136,7.136,0.8335,9,9,0,0,0.0,4.5,0.8245,12,17,22,3,3.1
budget_cut,26,greedy_schedule,True,True,5.22,5.22,0.6097,7,7,0,0,0.0,4.5,0.7976,14,20,19,3,3.3
budget_cut,26,restart,True,True,7.136,7.136,0.8335,9,9,0,0,0.0,4.5,0.8245,22,28,25,4,5.3
budget_cut,26,static,True,False,7.594,5.911,0.6904,10,10,0,0,22.16,4.5,0.8187,7,9,0,1,1.6
budget_cut,27,full,True,True,6.584,6.584,0.936,10,10,0,0,0.0,4.4,0.7254,12,17,18,2,3.7
budget_cut,27,greedy_order,True,True,6.584,6.584,0.936,10,10,0,0,0.0,4.4,0.7254,12,17,18,2,3.6
budget_cut,27,greedy_schedule,True,True,4.284,4.284,0.609,6,6,0,0,0.0,4.4,0.6919,10,14,13,2,2.1
budget_cut,27,restart,True,True,6.584,6.584,0.936,10,10,0,0,0.0,4.4,0.7254,17,22,18,2,4.4
budget_cut,27,static,True,False,7.034,4.106,0.5837,11,10,1,0,37.63,4.4,0.7304,7,9,0,1,1.6
budget_cut,28,full,True,True,7.034,7.034,1.0,11,11,0,0,0.0,4.4,0.7304,12,17,23,2,3.2
budget_cut,28,greedy_order,True,True,7.034,7.034,1.0,11,11,0,0,0.0,4.4,0.7304,12,17,23,2,3.2
budget_cut,28,greedy_schedule,True,True,4.718,4.718,0.6707,7,7,0,0,0.0,4.4,0.6946,12,17,16,2,2.7
budget_cut,28,restart,True,True,7.034,7.034,1.0,11,11,0,0,0.0,4.4,0.7304,17,22,23,2,4.0
budget_cut,28,static,True,False,7.481,4.207,0.5981,12,10,2,0,30.47,4.4,0.7321,7,9,0,1,1.6
budget_cut,29,full,True,True,6.145,6.145,1.0,9,9,0,0,0.0,4.4,0.7274,12,17,21,3,6.8
budget_cut,29,greedy_order,True,True,6.145,6.145,1.0,9,9,0,0,0.0,4.4,0.7274,12,17,21,3,6.7
budget_cut,29,greedy_schedule,True,True,4.722,4.722,0.7684,7,7,0,0,0.0,4.4,0.6909,10,14,17,2,2.2
budget_cut,29,restart,True,True,7.101,7.101,1.1556,10,10,0,0,0.0,4.4,0.7322,17,22,23,3,8.0
budget_cut,29,static,True,False,8.018,5.461,0.8887,12,12,0,0,31.89,4.4,0.7479,7,9,0,1,5.2
scale_3,0,full,True,False,4.537,3.201,0.5806,9,6,3,1,0.0,1.8,0.7341,10,13,15,2,8.7
scale_3,0,greedy_order,True,False,5.628,3.742,0.6788,9,6,3,1,0.0,1.8,0.7904,10,13,14,2,2.1
scale_3,0,greedy_schedule,True,False,2.336,1.885,0.3419,4,3,1,1,0.0,1.8,0.7595,10,13,10,2,1.5
scale_3,0,restart,True,False,4.537,3.201,0.5806,9,6,3,1,0.0,1.8,0.7341,11,14,15,2,8.9
scale_3,0,static,True,True,5.513,3.201,0.5806,10,6,4,1,0.0,1.8,0.7557,6,7,0,1,4.7
scale_3,1,full,True,True,3.64,3.64,0.7865,7,7,0,0,0.0,1.8,0.7337,8,11,14,2,1.8
scale_3,1,greedy_order,True,True,4.177,4.177,0.9025,7,7,0,0,0.0,1.8,0.7684,6,8,12,1,1.3
scale_3,1,greedy_schedule,True,True,1.885,1.885,0.4073,3,3,0,0,0.0,1.8,0.7714,8,11,9,2,1.3
scale_3,1,restart,True,True,3.64,3.64,0.7865,7,7,0,0,0.0,1.8,0.7337,11,14,14,2,2.0
scale_3,1,static,True,True,4.628,3.201,0.6917,8,6,2,0,0.0,1.8,0.765,6,7,0,1,1.1
scale_3,2,full,True,True,3.714,3.714,0.5187,6,6,0,0,0.0,1.5,0.7784,8,11,18,2,10.7
scale_3,2,greedy_order,True,True,3.714,3.714,0.5187,6,6,0,0,0.0,1.5,0.7784,8,11,18,2,10.6
scale_3,2,greedy_schedule,True,True,3.817,3.817,0.5331,5,5,0,0,0.0,1.5,0.8417,8,11,12,2,1.5
scale_3,2,restart,True,True,3.714,3.714,0.5187,6,6,0,0,0.0,1.5,0.7784,11,14,18,2,10.9
scale_3,2,static,True,True,7.16,3.825,0.5342,9,5,4,0,0.0,1.5,0.8582,6,7,0,1,9.8
scale_3,3,full,True,True,5.864,5.864,1.0,6,6,0,0,0.0,1.5,0.9122,6,8,11,1,0.8
scale_3,3,greedy_order,True,True,5.864,5.864,1.0,6,6,0,0,0.0,1.5,0.9122,6,8,11,1,0.8
scale_3,3,greedy_schedule,True,True,2.948,2.948,0.5027,3,3,0,0,0.0,1.5,0.8961,6,8,8,1,0.8
scale_3,3,restart,True,True,5.864,5.864,1.0,6,6,0,0,0.0,1.5,0.9122,6,8,11,1,0.8
scale_3,3,static,True,True,5.864,5.864,1.0,6,6,0,0,0.0,1.5,0.9122,6,7,0,1,0.9
scale_3,4,full,True,True,6.753,6.753,1.0,8,8,0,0,0.0,1.5,0.8817,8,11,14,2,1.6
scale_3,4,greedy_order,True,True,6.753,6.753,1.0,8,8,0,0,0.0,1.5,0.8828,8,11,15,2,1.5
scale_3,4,greedy_schedule,True,True,4.892,4.892,0.7244,5,5,0,0,0.0,1.5,0.904,6,8,10,1,0.9
scale_3,4,restart,True,True,6.753,6.753,1.0,8,8,0,0,0.0,1.5,0.8817,11,14,14,2,1.9
scale_3,4,static,True,True,6.753,6.319,0.9357,8,7,1,0,0.0,1.5,0.8828,6,7,0,1,1.0
scale_3,5,full,True,True,3.754,3.754,0.8747,6,6,0,0,0.0,1.8,0.7512,8,11,12,2,1.2
scale_3,5,greedy_order,True,True,3.754,3.754,0.8747,6,6,0,0,0.0,1.8,0.7512,8,11,12,2,1.5
scale_3,5,greedy_schedule,True,True,2.411,2.411,0.5617,3,3,0,0,0.0,1.8,0.7512,6,8,8,1,0.9
scale_3,5,restart,True,True,3.754,3.754,0.8747,6,6,0,0,0.0,1.8,0.7512,11,14,12,2,1.9
scale_3,5,static,True,True,4.292,3.312,0.7717,6,5,1,0,0.0,1.8,0.7895,6,7,0,1,0.8
scale_3,6,full,True,True,5.327,5.327,0.9985,6,6,0,0,0.0,1.5,0.8793,8,11,12,2,1.2
scale_3,6,greedy_order,True,True,4.88,4.88,0.9147,5,5,0,0,0.0,1.5,0.8968,6,8,10,1,0.8
scale_3,6,greedy_schedule,True,True,3.9,3.9,0.731,4,4,0,0,0.0,1.5,0.8726,8,11,10,2,1.1
scale_3,6,restart,True,True,5.327,5.327,0.9985,6,6,0,0,0.0,1.5,0.8793,11,14,12,2,1.5
scale_3,6,static,True,True,5.335,4.88,0.9147,6,5,1,0,0.0,1.5,0.8893,6,7,0,1,0.8
scale_3,7,full,True,True,5.864,5.864,1.0,6,6,0,0,0.0,1.5,0.9122,6,8,11,1,0.9
scale_3,7,greedy_order,True,True,5.864,5.864,1.0,6,6,0,0,0.0,1.5,0.9122,6,8,11,1,0.9
scale_3,7,greedy_schedule,True,True,2.948,2.948,0.5027,3,3,0,0,0.0,1.5,0.8961,6,8,8,1,0.8
scale_3,7,restart,True,True,5.864,5.864,1.0,6,6,0,0,0.0,1.5,0.9122,6,8,11,1,0.8
scale_3,7,static,True,True,5.864,5.864,1.0,6,6,0,0,0.0,1.5,0.9122,6,7,0,1,0.8
scale_3,8,full,True,True,6.666,6.666,0.8732,9,9,0,0,0.0,3.8,0.8031,8,11,13,2,2.0
scale_3,8,greedy_order,True,True,6.666,6.666,0.8732,9,9,0,0,0.0,3.8,0.8031,8,11,13,2,2.0
scale_3,8,greedy_schedule,True,True,4.892,4.892,0.6408,5,5,0,0,0.0,3.8,0.8404,6,8,8,1,0.9
scale_3,8,restart,True,True,6.666,6.666,0.8732,9,9,0,0,0.0,3.8,0.8031,11,14,13,2,2.3
scale_3,8,static,True,True,7.634,6.666,0.8732,10,9,1,0,0.0,3.8,0.8153,6,7,0,1,1.3
scale_3,9,full,True,True,2.656,2.656,0.6507,6,6,0,0,0.0,1.8,0.6927,8,11,13,2,1.6
scale_3,9,greedy_order,True,True,4.644,4.644,1.1377,8,8,0,0,0.0,1.8,0.7687,6,8,13,1,1.1
scale_3,9,greedy_schedule,True,True,1.782,1.782,0.4366,4,4,0,0,0.0,1.8,0.6909,8,11,10,2,1.3
scale_3,9,restart,True,True,2.656,2.656,0.6507,6,6,0,0,0.0,1.8,0.6927,11,14,13,2,1.9
scale_3,9,static,True,True,4.082,2.656,0.6507,8,6,2,0,0.0,1.8,0.7312,6,7,0,1,1.1
scale_3,10,full,True,True,3.829,3.829,0.8946,5,5,0,0,0.0,1.8,0.7834,8,11,11,2,1.4
scale_3,10,greedy_order,True,True,3.829,3.829,0.8946,5,5,0,0,0.0,1.8,0.7834,8,11,11,2,1.4
scale_3,10,greedy_schedule,True,True,2.411,2.411,0.5633,3,3,0,0,0.0,1.8,0.7512,6,8,8,1,0.9
scale_3,10,restart,True,True,3.829,3.829,0.8946,5,5,0,0,0.0,1.8,0.7834,11,14,11,2,1.6
scale_3,10,static,True,True,4.28,3.829,0.8946,6,5,1,0,0.0,1.8,0.7801,6,7,0,1,0.8
scale_3,11,full,True,True,3.698,3.698,0.7898,6,6,0,0,0.0,1.5,0.7664,8,11,13,2,1.5
scale_3,11,greedy_order,True,True,3.698,3.698,0.7898,6,6,0,0,0.0,1.5,0.7664,8,11,13,2,1.9
scale_3,11,greedy_schedule,True,True,2.292,2.292,0.4895,4,4,0,0,0.0,1.5,0.7356,8,11,11,2,1.4
scale_3,11,restart,True,True,3.698,3.698,0.7898,6,6,0,0,0.0,1.5,0.7664,11,14,13,2,1.9
scale_3,11,static,True,True,4.682,3.252,0.6946,7,5,2,0,0.0,1.5,0.7991,6,7,0,1,1.0
scale_3,12,full,True,True,5.066,5.066,0.9984,9,9,0,0,0.0,1.8,0.758,8,11,15,2,1.7
scale_3,12,greedy_order,True,True,4.714,4.714,0.9291,7,7,0,0,0.0,1.8,0.8021,8,11,14,2,3.1
scale_3,12,greedy_schedule,True,True,2.861,2.861,0.5639,4,4,0,0,0.0,1.8,0.8108,6,8,9,1,1.1
scale_3,12,restart,True,True,5.066,5.066,0.9984,9,9,0,0,0.0,1.8,0.758,11,14,15,2,2.9
scale_3,12,static,True,True,5.074,4.628,0.9121,9,8,1,0,0.0,1.8,0.7609,6,7,0,1,1.8
scale_3,13,full,True,False,2.766,2.32,0.6193,5,4,1,1,0.0,1.8,0.7473,10,13,12,2,1.4
scale_3,13,greedy_order,True,False,3.742,2.312,0.6172,6,4,2,1,0.0,1.8,0.7779,10,13,11,2,1.4
scale_3,13,greedy_schedule,True,False,1.439,1.439,0.3841,2,2,0,1,0.0,1.8,0.7985,10,13,7,2,1.3
scale_3,13,restart,True,False,2.766,2.32,0.6193,5,4,1,1,0.0,1.8,0.7473,11,14,12,2,1.6
scale_3,13,static,True,True,3.746,2.32,0.6193,6,4,2,1,0.0,1.8,0.7815,6,7,0,1,0.8
scale_3,14,full,True,True,4.682,4.682,1.0,7,7,0,0,0.0,1.5,0.7991,6,8,12,1,1.0
scale_3,14,greedy_order,True,True,4.682,4.682,1.0,7,7,0,0,0.0,1.5,0.7991,6,8,12,1,1.0
scale_3,14,greedy_schedule,True,True,3.276,3.276,0.6997,5,5,0,0,0.0,1.5,0.7888,6,8,10,1,0.9
scale_3,14,restart,True,True,4.682,4.682,1.0,7,7,0,0,0.0,1.5,0.7991,6,8,12,1,1.0
scale_3,14,static,True,True,4.682,4.682,1.0,7,7,0,0,0.0,1.5,0.7991,6,7,0,1,0.9
scale_3,15,full,True,True,4.797,4.797,0.8992,6,6,0,0,0.0,1.5,0.8601,8,11,12,2,1.2
scale_3,15,greedy_order,True,True,4.88,4.88,0.9147,5,5,0,0,0.0,1.5,0.8968,6,8,10,1,0.8
scale_3,15,greedy_schedule,True,True,2.936,2.936,0.5503,3,3,0,0,0.0,1.5,0.8787,6,8,8,1,0.8
scale_3,15,restart,True,True,4.797,4.797,0.8992,6,6,0,0,0.0,1.5,0.8601,11,14,12,2,1.5
scale_3,15,static,True,True,5.335,4.363,0.8178,6,5,1,0,0.0,1.5,0.8893,6,7,0,1,0.8
scale_3,16,full,True,True,5.327,5.327,0.9084,6,6,0,0,0.0,1.7,0.8734,12,16,13,3,3.1
scale_3,16,greedy_order,True,True,5.327,5.327,0.9084,6,6,0,0,0.0,1.7,0.8734,12,16,13,3,1.7
scale_3,16,greedy_schedule,True,True,1.956,1.956,0.3336,2,2,0,0,0.0,1.7,0.8187,10,13,10,2,1.3
scale_3,16,restart,True,True,5.327,5.327,0.9084,6,6,0,0,0.0,1.7,0.8734,16,20,13,3,2.2
scale_3,16,static,True,True,5.864,2.916,0.4973,6,3,3,1,0.0,1.5,0.9122,6,7,0,1,0.8
scale_3,17,full,True,True,5.236,5.236,1.0,7,7,0,0,0.0,4.5,0.7263,6,8,12,1,1.2
scale_3,17,greedy_order,True,True,3.292,3.292,0.6287,5,5,0,0,0.0,4.5,0.6591,6,8,10,1,0.9
scale_3,17,greedy_schedule,True,True,1.869,1.869,0.357,3,3,0,0,0.0,4.5,0.5535,6,8,8,1,0.9
scale_3,17,restart,True,True,5.236,5.236,1.0,7,7,0,0,0.0,4.5,0.7263,6,8,12,1,1.2
scale_3,17,static,True,True,5.236,5.236,1.0,7,7,0,0,0.0,4.5,0.7263,6,7,0,1,1.1
scale_3,18,full,True,True,4.686,4.686,1.0009,7,7,0,0,0.0,1.5,0.8021,8,11,16,2,1.5
scale_3,18,greedy_order,True,True,4.686,4.686,1.0009,7,7,0,0,0.0,1.5,0.8021,8,11,16,2,1.5
scale_3,18,greedy_schedule,True,True,2.734,2.734,0.5839,5,5,0,0,0.0,1.5,0.7401,8,11,15,2,1.3
scale_3,18,restart,True,True,4.686,4.686,1.0009,7,7,0,0,0.0,1.5,0.8021,11,14,16,2,1.8
scale_3,18,static,True,True,4.682,2.288,0.4887,7,4,3,0,0.0,1.5,0.7991,6,7,0,1,1.0
scale_3,19,full,True,True,5.074,5.074,1.0,9,9,0,0,0.0,1.8,0.7609,6,8,14,1,1.3
scale_3,19,greedy_order,True,True,5.165,5.165,1.0179,8,8,0,0,0.0,1.8,0.7945,6,8,13,1,2.1
scale_3,19,greedy_schedule,True,True,2.849,2.849,0.5615,4,4,0,0,0.0,1.8,0.8052,8,11,10,2,1.8
scale_3,19,restart,True,True,5.074,5.074,1.0,9,9,0,0,0.0,1.8,0.7609,6,8,14,1,1.3
scale_3,19,static,True,True,5.074,5.074,1.0,9,9,0,0,0.0,1.8,0.7609,6,7,0,1,1.3
scale_3,20,full,True,True,3.746,3.746,1.0,6,6,0,0,0.0,1.8,0.7815,6,8,11,1,0.9
scale_3,20,greedy_order,True,True,3.304,3.304,0.882,5,5,0,0,0.0,1.8,0.793,10,14,15,3,1.6
scale_3,20,greedy_schedule,True,True,1.439,1.439,0.3841,2,2,0,0,0.0,1.8,0.7985,6,8,7,1,0.8
scale_3,20,restart,True,True,3.746,3.746,1.0,6,6,0,0,0.0,1.8,0.7815,6,8,11,1,0.8
scale_3,20,static,True,True,3.746,3.746,1.0,6,6,0,0,0.0,1.8,0.7815,6,7,0,1,0.8
scale_3,21,full,True,False,4.193,2.32,0.5013,7,4,3,1,0.0,1.8,0.7744,10,13,15,2,2.0
scale_3,21,greedy_order,True,False,5.157,3.292,0.7113,8,5,3,1,0.0,1.8,0.7926,10,13,13,2,2.1
scale_3,21,greedy_schedule,True,False,2.415,1.439,0.3109,3,2,1,1,0.0,1.8,0.8422,10,13,8,2,1.5
scale_3,21,restart,True,False,4.193,2.32,0.5013,7,4,3,1,0.0,1.8,0.7744,11,14,15,2,2.5
scale_3,21,static,True,True,4.628,1.427,0.3083,8,2,6,1,0.0,1.8,0.765,6,7,0,1,1.4
scale_3,22,full,True,True,5.335,5.335,0.9098,6,6,0,0,0.0,1.5,0.8893,8,11,12,2,1.2
scale_3,22,greedy_order,True,True,5.335,5.335,0.9098,6,6,0,0,0.0,1.5,0.8893,8,11,12,2,1.2
scale_3,22,greedy_schedule,True,True,2.936,2.936,0.5007,3,3,0,0,0.0,1.5,0.8787,8,11,9,2,1.1
scale_3,22,restart,True,True,5.335,5.335,0.9098,6,6,0,0,0.0,1.5,0.8893,11,14,12,2,1.5
scale_3,22,static,True,True,5.864,4.88,0.8322,6,5,1,0,0.0,1.5,0.9122,6,7,0,1,0.8
scale_3,23,full,True,False,5.157,3.284,0.6368,8,5,3,1,0.0,1.8,0.7655,10,13,13,2,2.0
scale_3,23,greedy_order,True,False,5.157,3.284,0.6368,8,5,3,1,0.0,1.8,0.7655,10,13,13,2,2.0
scale_3,23,greedy_schedule,True,False,3.829,2.849,0.5525,5,4,1,1,0.0,1.8,0.7834,10,13,10,2,1.5
scale_3,23,restart,True,False,5.157,3.284,0.6368,8,5,3,1,0.0,1.8,0.7655,11,14,13,2,2.4
scale_3,23,static,True,True,5.157,3.284,0.6368,8,5,3,1,0.0,1.8,0.7655,6,7,0,1,1.3
scale_3,24,full,True,True,2.722,2.722,0.4407,5,5,0,0,0.0,1.5,0.7298,8,11,15,2,10.0
scale_3,24,greedy_order,True,True,2.722,2.722,0.4407,5,5,0,0,0.0,1.5,0.7298,8,11,15,2,9.9
scale_3,24,greedy_schedule,True,True,2.722,2.722,0.4407,5,5,0,0,0.0,1.5,0.7298,8,11,14,2,1.3
scale_3,24,restart,True,True,2.722,2.722,0.4407,5,5,0,0,0.0,1.5,0.7298,11,14,15,2,10.3
scale_3,24,static,True,True,6.176,1.316,0.2131,8,3,5,0,0.0,1.5,0.8422,6,7,0,1,9.5
scale_3,25,full,True,True,6.228,6.228,0.9343,8,8,0,0,0.0,4.5,0.7581,8,11,14,2,5.2
scale_3,25,greedy_order,True,True,4.722,4.722,0.7084,7,7,0,0,0.0,4.5,0.7054,6,8,12,1,4.5
scale_3,25,greedy_schedule,True,True,2.395,2.395,0.3593,3,3,0,0,0.0,4.5,0.6032,6,8,8,1,1.0
scale_3,25,restart,True,True,6.228,6.228,0.9343,8,8,0,0,0.0,4.5,0.7581,11,14,14,2,5.3
scale_3,25,static,True,True,6.666,6.228,0.9343,9,8,1,0,0.0,4.5,0.7516,6,7,0,1,2.9
scale_3,26,full,True,False,5.074,3.201,0.6309,9,6,3,1,0.0,1.8,0.7609,10,13,14,2,2.1
scale_3,26,greedy_order,True,False,5.157,3.292,0.6488,8,5,3,1,0.0,1.8,0.7926,10,13,13,2,2.2
scale_3,26,greedy_schedule,True,False,2.861,1.885,0.3715,4,3,1,1,0.0,1.8,0.8108,10,13,9,2,1.6
scale_3,26,restart,True,False,5.074,3.201,0.6309,9,6,3,1,0.0,1.8,0.7609,11,14,14,2,2.8
scale_3,26,static,True,True,5.074,3.201,0.6309,9,6,3,1,0.0,1.8,0.7609,6,7,0,1,1.2
scale_3,27,full,True,True,3.276,3.276,0.7705,5,5,0,0,0.0,1.5,0.7888,8,11,11,2,1.3
scale_3,27,greedy_order,True,True,3.276,3.276,0.7705,5,5,0,0,0.0,1.5,0.7888,8,11,11,2,1.3
scale_3,27,greedy_schedule,True,True,1.869,1.869,0.4396,3,3,0,0,0.0,1.5,0.7651,8,11,9,2,1.2
scale_3,27,restart,True,True,3.276,3.276,0.7705,5,5,0,0,0.0,1.5,0.7888,11,14,11,2,1.6
scale_3,27,static,True,True,4.252,3.276,0.7705,6,5,1,0,0.0,1.5,0.8161,6,7,0,1,0.8
scale_3,28,full,True,True,5.066,5.066,1.0,9,9,0,0,0.0,1.8,0.7586,6,8,14,1,1.8
scale_3,28,greedy_order,True,True,5.624,5.624,1.1101,9,9,0,0,0.0,1.8,0.7902,8,11,20,2,1.8
scale_3,28,greedy_schedule,True,True,3.296,3.296,0.6506,5,5,0,0,0.0,1.8,0.7901,6,8,10,1,0.9
scale_3,28,restart,True,True,5.066,5.066,1.0,9,9,0,0,0.0,1.8,0.7586,6,8,14,1,1.8
scale_3,28,static,True,True,5.066,5.066,1.0,9,9,0,0,0.0,1.8,0.7586,6,7,0,1,1.7
scale_3,29,full,True,True,6.208,6.208,0.8742,8,8,0,0,0.0,3.8,0.8028,8,11,13,2,1.7
scale_3,29,greedy_order,True,True,6.208,6.208,0.8742,8,8,0,0,0.0,3.8,0.8028,8,11,13,2,1.7
scale_3,29,greedy_schedule,True,True,4.892,4.892,0.6889,5,5,0,0,0.0,3.8,0.8404,6,8,8,1,0.9
scale_3,29,restart,True,True,6.208,6.208,0.8742,8,8,0,0,0.0,3.8,0.8028,11,14,13,2,2.1
scale_3,29,static,True,True,7.101,6.208,0.8742,10,8,2,0,0.0,3.8,0.7976,6,7,0,1,1.2
scale_5,0,full,True,False,6.947,5.612,0.8078,12,9,3,1,0.0,4.4,0.7551,10,13,21,2,2.7
scale_5,0,greedy_order,True,False,6.947,5.612,0.8078,12,9,3,1,0.0,4.4,0.7551,10,13,21,2,2.7
scale_5,0,greedy_schedule,True,False,4.722,4.272,0.6149,7,6,1,1,0.0,4.4,0.777,10,13,16,2,2.1
scale_5,0,restart,True,False,6.947,5.612,0.8078,12,9,3,1,0.0,4.4,0.7551,11,14,21,2,2.8
scale_5,0,static,True,True,6.947,5.074,0.7304,12,9,3,1,0.0,4.4,0.7551,6,7,0,1,1.5
scale_5,1,full,True,True,6.497,6.497,1.0,11,11,0,0,0.0,4.4,0.7553,8,11,21,2,2.9
scale_5,1,greedy_order,True,True,6.497,6.497,1.0,11,11,0,0,0.0,4.4,0.7553,8,11,21,2,2.9
scale_5,1,greedy_schedule,True,True,4.272,4.272,0.6575,6,6,0,0,0.0,4.4,0.7868,8,11,15,2,1.8
scale_5,1,restart,True,True,6.497,6.497,1.0,11,11,0,0,0.0,4.4,0.7553,11,14,21,2,3.4
scale_5,1,static,True,True,6.497,5.07,0.7804,11,9,2,0,0.0,4.4,0.7553,6,7,0,1,1.8
scale_5,2,full,True,True,4.157,4.157,0.6244,7,7,0,0,0.0,4.5,0.7298,8,11,19,2,1.6
scale_5,2,greedy_order,True,True,4.157,4.157,0.6244,7,7,0,0,0.0,4.5,0.7298,8,11,19,2,1.6
scale_5,2,greedy_schedule,True,True,4.157,4.157,0.6244,7,7,0,0,0.0,4.5,0.7298,8,11,17,2,1.5
scale_5,2,restart,True,True,4.157,4.157,0.6244,7,7,0,0,0.0,4.5,0.7298,11,14,19,2,2.2
scale_5,2,static,True,True,6.658,3.73,0.5602,9,6,3,0,0.0,4.5,0.8116,6,7,0,1,1.1
scale_5,3,full,True,True,6.947,6.947,1.0,12,12,0,0,0.0,4.4,0.7551,6,8,19,1,1.5
scale_5,3,greedy_order,True,True,6.947,6.947,1.0,12,12,0,0,0.0,4.4,0.7551,6,8,19,1,1.5
scale_5,3,greedy_schedule,True,True,4.292,4.292,0.6178,6,6,0,0,0.0,4.4,0.793,6,8,13,1,1.2
scale_5,3,restart,True,True,6.947,6.947,1.0,12,12,0,0,0.0,4.4,0.7551,6,8,19,1,1.5
scale_5,3,static,True,True,6.947,6.947,1.0,12,12,0,0,0.0,4.4,0.7551,6,7,0,1,1.5
scale_5,4,full,True,True,6.749,6.749,1.0,8,8,0,0,0.0,4.1,0.8213,8,11,16,2,1.7
scale_5,4,greedy_order,True,True,6.749,6.749,1.0,8,8,0,0,0.0,4.1,0.8213,8,11,16,2,1.7
scale_5,4,greedy_schedule,True,True,4.805,4.805,0.712,6,6,0,0,0.0,4.1,0.7928,8,11,14,2,1.5
scale_5,4,restart,True,True,6.749,6.749,1.0,8,8,0,0,0.0,4.1,0.8213,11,14,16,2,2.1
scale_5,4,static,True,True,6.749,6.299,0.9333,8,7,1,0,0.0,4.1,0.8213,6,7,0,1,1.1
scale_5,5,full,True,True,4.698,4.698,0.7056,7,7,0,0,0.0,4.5,0.774,8,11,18,2,1.7
scale_5,5,greedy_order,True,True,4.698,4.698,0.7056,7,7,0,0,0.0,4.5,0.774,8,11,18,2,1.7
scale_5,5,greedy_schedule,True,True,3.173,3.173,0.4766,6,6,0,0,0.0,4.5,0.6957,8,11,17,2,1.5
scale_5,5,restart,True,True,4.698,4.698,0.7056,7,7,0,0,0.0,4.5,0.774,11,14,18,2,2.1
scale_5,5,static,True,True,6.658,4.698,0.7056,9,7,2,0,0.0,4.5,0.8116,6,7,0,1,1.1
scale_5,6,full,True,True,12.874,12.874,1.0,17,17,0,0,0.0,5.6,0.8217,6,8,24,1,4.6
scale_5,6,greedy_order,True,True,11.985,11.985,0.9309,15,15,0,0,0.0,5.6,0.8251,6,8,22,1,1.8
scale_5,6,greedy_schedule,True,True,6.319,6.319,0.4908,7,7,0,0,0.0,5.6,0.8044,6,8,14,1,1.3
scale_5,6,restart,True,True,12.874,12.874,1.0,17,17,0,0,0.0,5.6,0.8217,6,8,24,1,4.6
scale_5,6,static,True,True,12.874,12.874,1.0,17,17,0,0,0.0,5.6,0.8217,6,7,0,1,4.5
scale_5,7,full,True,True,7.053,7.053,0.9283,10,10,0,0,0.0,4.5,0.7927,8,11,20,2,2.2
scale_5,7,greedy_order,True,True,7.053,7.053,0.9283,10,10,0,0,0.0,4.5,0.7927,8,11,20,2,2.2
scale_5,7,greedy_schedule,True,True,4.805,4.805,0.6324,6,6,0,0,0.0,4.5,0.8306,6,8,15,1,1.2
scale_5,7,restart,True,True,7.053,7.053,0.9283,10,10,0,0,0.0,4.5,0.7927,11,14,20,2,2.6
scale_5,7,static,True,True,7.598,6.614,0.8705,10,9,1,0,0.0,4.5,0.8202,6,7,0,1,1.4
scale_5,8,full,True,True,6.765,6.765,1.0,8,8,0,0,0.0,4.4,0.8274,8,11,17,2,1.6
scale_5,8,greedy_order,True,True,6.765,6.765,1.0,8,8,0,0,0.0,4.4,0.8274,8,11,17,2,1.6
scale_5,8,greedy_schedule,True,True,3.928,3.928,0.5806,4,4,0,0,0.0,4.4,0.8281,8,11,13,2,1.6
scale_5,8,restart,True,True,6.765,6.765,1.0,8,8,0,0,0.0,4.4,0.8274,11,14,17,2,2.1
scale_5,8,static,True,True,6.765,5.777,0.854,8,7,1,0,0.0,4.4,0.8274,6,7,0,1,1.0
scale_5,9,full,True,True,5.781,5.781,0.8545,7,7,0,0,0.0,4.4,0.8089,8,11,15,2,1.6
scale_5,9,greedy_order,True,True,5.781,5.781,0.8545,7,7,0,0,0.0,4.4,0.8089,8,11,15,2,1.6
scale_5,9,greedy_schedule,True,True,4.363,4.363,0.6449,5,5,0,0,0.0,4.4,0.7984,8,11,13,2,1.5
scale_5,9,restart,True,True,5.781,5.781,0.8545,7,7,0,0,0.0,4.4,0.8089,11,14,15,2,2.1
scale_5,9,static,True,True,6.765,5.781,0.8545,8,7,1,0,0.0,4.4,0.8274,6,7,0,1,1.0
scale_5,10,full,True,True,6.749,6.749,1.0,8,8,0,0,0.0,4.1,0.8213,6,8,15,1,1.1
scale_5,10,greedy_order,True,True,6.749,6.749,1.0,8,8,0,0,0.0,4.1,0.8213,6,8,15,1,1.1
scale_5,10,greedy_schedule,True,True,4.805,4.805,0.712,6,6,0,0,0.0,4.1,0.7928,6,8,13,1,1.1
scale_5,10,restart,True,True,6.749,6.749,1.0,8,8,0,0,0.0,4.1,0.8213,6,8,15,1,1.1
scale_5,10,static,True,True,6.749,6.749,1.0,8,8,0,0,0.0,4.1,0.8213,6,7,0,1,1.1
scale_5,11,full,True,False,8.018,5.706,0.7116,12,8,4,1,0.0,4.4,0.7479,10,13,19,2,9.9
scale_5,11,greedy_order,True,False,8.018,5.706,0.7116,12,8,4,1,0.0,4.4,0.7479,10,13,19,2,9.9
scale_5,11,greedy_schedule,True,False,5.706,4.726,0.5894,8,7,1,1,0.0,4.4,0.7195,10,13,15,2,2.3
scale_5,11,restart,True,False,8.018,5.706,0.7116,12,8,4,1,0.0,4.4,0.7479,11,14,19,2,10.2
scale_5,11,static,True,True,8.018,5.706,0.7116,12,8,4,1,0.0,4.4,0.7479,6,7,0,1,5.2
scale_5,12,full,True,True,7.196,7.196,1.0637,9,9,0,0,0.0,4.4,0.8122,8,11,18,2,1.6
scale_5,12,greedy_order,True,True,7.196,7.196,1.0637,9,9,0,0,0.0,4.4,0.8122,8,11,18,2,1.6
scale_5,12,greedy_schedule,True,True,3.916,3.916,0.5789,4,4,0,0,0.0,4.4,0.8106,8,11,12,2,1.5
scale_5,12,restart,True,True,7.196,7.196,1.0637,9,9,0,0,0.0,4.4,0.8122,11,14,18,2,2.0
scale_5,12,static,True,True,6.765,5.335,0.7886,8,6,2,0,0.0,4.4,0.8274,6,7,0,1,1.0
scale_5,13,full,True,True,6.749,6.749,1.0,8,8,0,0,0.0,4.1,0.8213,6,8,15,1,1.1
scale_5,13,greedy_order,True,True,6.749,6.749,1.0,8,8,0,0,0.0,4.1,0.8213,6,8,15,1,1.1
scale_5,13,greedy_schedule,True,True,4.805,4.805,0.712,6,6,0,0,0.0,4.1,0.7928,6,8,13,1,1.1
scale_5,13,restart,True,True,6.749,6.749,1.0,8,8,0,0,0.0,4.1,0.8213,6,8,15,1,1.1
scale_5,13,static,True,True,6.749,6.749,1.0,8,8,0,0,0.0,4.1,0.8213,6,7,0,1,1.1
scale_5,14,full,True,True,11.965,11.965,1.0,15,15,0,0,0.0,6.0,0.8224,6,8,24,1,2.3
scale_5,14,greedy_order,True,True,10.116,10.116,0.8455,12,12,0,0,0.0,6.0,0.8238,8,11,22,2,3.2
scale_5,14,greedy_schedule,True,True,7.836,7.836,0.6549,8,8,0,0,0.0,6.0,0.8488,6,8,17,1,1.3
scale_5,14,restart,True,True,11.965,11.965,1.0,15,15,0,0,0.0,6.0,0.8224,6,8,24,1,2.2
scale_5,14,static,True,True,11.965,11.965,1.0,15,15,0,0,0.0,6.0,0.8224,6,7,0,1,2.2
scale_5,15,full,True,True,5.674,5.674,0.8532,8,8,0,0,0.0,4.5,0.7952,8,11,18,2,1.6
scale_5,15,greedy_order,True,True,5.674,5.674,0.8532,8,8,0,0,0.0,4.5,0.7952,8,11,18,2,1.6
scale_5,15,greedy_schedule,True,True,3.825,3.825,0.5752,5,5,0,0,0.0,4.5,0.8042,8,11,17,2,1.5
scale_5,15,restart,True,True,5.674,5.674,0.8532,8,8,0,0,0.0,4.5,0.7952,11,14,18,2,2.1
scale_5,15,static,True,True,6.65,5.674,0.8532,9,8,1,0,0.0,4.5,0.8119,6,7,0,1,1.1
scale_5,16,full,True,True,6.749,6.749,1.0,8,8,0,0,0.0,4.1,0.8213,8,11,16,2,1.7
scale_5,16,greedy_order,True,True,6.749,6.749,1.0,8,8,0,0,0.0,4.1,0.8213,8,11,16,2,1.6
scale_5,16,greedy_schedule,True,True,4.805,4.805,0.712,6,6,0,0,0.0,4.1,0.7928,8,11,14,2,1.5
scale_5,16,restart,True,True,6.749,6.749,1.0,8,8,0,0,0.0,4.1,0.8213,11,14,16,2,2.2
scale_5,16,static,True,True,6.749,6.299,0.9333,8,7,1,0,0.0,4.1,0.8213,6,7,0,1,1.1
scale_5,17,full,True,True,6.749,6.749,1.0,8,8,0,0,0.0,4.1,0.8213,6,8,15,1,1.1
scale_5,17,greedy_order,True,True,6.749,6.749,1.0,8,8,0,0,0.0,4.1,0.8213,6,8,15,1,1.1
scale_5,17,greedy_schedule,True,True,4.805,4.805,0.712,6,6,0,0,0.0,4.1,0.7928,6,8,13,1,1.0
scale_5,17,restart,True,True,6.749,6.749,1.0,8,8,0,0,0.0,4.1,0.8213,6,8,15,1,1.1
scale_5,17,static,True,True,6.749,6.749,1.0,8,8,0,0,0.0,4.1,0.8213,6,7,0,1,1.1
scale_5,18,full,True,True,11.1,11.1,0.8622,13,13,0,0,0.0,5.6,0.8379,9,12,24,2,8.3
scale_5,18,greedy_order,True,True,10.053,10.053,0.7809,13,13,0,0,0.0,5.6,0.8146,8,11,22,2,2.3
scale_5,18,greedy_schedule,True,True,4.912,4.912,0.3815,5,5,0,0,0.0,5.6,0.8172,10,14,14,3,2.6
scale_5,18,restart,True,True,11.1,11.1,0.8622,13,13,0,0,0.0,5.6,0.8379,11,14,24,2,8.8
scale_5,18,static,True,False,12.428,10.653,0.8275,16,12,4,0,0.01,5.6,0.8248,6,7,0,1,4.6
scale_5,19,full,True,True,5.093,5.093,0.5946,8,8,0,0,0.0,4.5,0.7478,8,11,21,2,1.9
scale_5,19,greedy_order,True,True,5.093,5.093,0.5946,8,8,0,0,0.0,4.5,0.7478,8,11,21,2,2.0
scale_5,19,greedy_schedule,True,True,3.706,3.706,0.4326,6,6,0,0,0.0,4.5,0.7359,8,11,18,2,1.8
scale_5,19,restart,True,True,5.093,5.093,0.5946,8,8,0,0,0.0,4.5,0.7478,11,14,21,2,2.4
scale_5,19,static,True,True,8.566,4.654,0.5433,11,7,4,0,0.0,4.5,0.8291,6,7,0,1,1.3
scale_5,20,full,True,True,5.666,5.666,0.852,8,8,0,0,0.0,4.5,0.7934,8,11,21,2,1.7
scale_5,20,greedy_order,True,True,5.666,5.666,0.852,8,8,0,0,0.0,4.5,0.7934,8,11,21,2,1.7
scale_5,20,greedy_schedule,True,True,3.173,3.173,0.4771,6,6,0,0,0.0,4.5,0.6957,8,11,18,2,1.5
scale_5,20,restart,True,True,5.666,5.666,0.852,8,8,0,0,0.0,4.5,0.7934,11,14,21,2,2.2
scale_5,20,static,True,True,6.65,3.714,0.5585,9,6,3,0,0.0,4.5,0.8119,6,7,0,1,1.1
scale_5,21,full,True,True,7.61,7.61,1.0,10,10,0,0,0.0,4.5,0.8217,6,8,19,1,1.4
scale_5,21,greedy_order,True,True,7.61,7.61,1.0,10,10,0,0,0.0,4.5,0.8217,6,8,19,1,1.4
scale_5,21,greedy_schedule,True,True,4.817,4.817,0.633,6,6,0,0,0.0,4.5,0.8328,6,8,15,1,1.2
scale_5,21,restart,True,True,7.61,7.61,1.0,10,10,0,0,0.0,4.5,0.8217,6,8,19,1,1.4
scale_5,21,static,True,True,7.61,7.61,1.0,10,10,0,0,0.0,4.5,0.8217,6,7,0,1,1.4
scale_5,22,full,True,True,6.749,6.749,1.0,8,8,0,0,0.0,4.1,0.8213,8,11,16,2,1.6
scale_5,22,greedy_order,True,True,6.749,6.749,1.0,8,8,0,0,0.0,4.1,0.8213,8,11,16,2,1.6
scale_5,22,greedy_schedule,True,True,4.805,4.805,0.712,6,6,0,0,0.0,4.1,0.7928,8,11,14,2,1.5
scale_5,22,restart,True,True,6.749,6.749,1.0,8,8,0,0,0.0,4.1,0.8213,11,14,16,2,2.1
scale_5,22,static,True,True,6.749,6.299,0.9333,8,7,1,0,0.0,4.1,0.8213,6,7,0,1,1.1
scale_5,23,full,True,False,4.636,3.209,0.6922,8,6,2,1,0.0,4.4,0.7419,10,13,15,2,1.8
scale_5,23,greedy_order,True,False,4.636,3.209,0.6922,8,6,2,1,0.0,4.4,0.7419,10,13,15,2,1.8
scale_5,23,greedy_schedule,True,False,2.865,2.865,0.618,4,4,0,1,0.0,4.4,0.781,10,13,11,2,1.7
scale_5,23,restart,True,False,4.636,3.209,0.6922,8,6,2,1,0.0,4.4,0.7419,11,14,15,2,2.1
scale_5,23,static,True,True,4.636,3.209,0.6922,8,6,2,1,0.0,4.4,0.7419,6,7,0,1,1.1
scale_5,24,full,True,True,9.065,9.065,1.0,12,12,0,0,0.0,4.1,0.8259,8,11,21,2,2.5
scale_5,24,greedy_order,True,True,9.065,9.065,1.0,12,12,0,0,0.0,4.1,0.8259,8,11,21,2,2.5
scale_5,24,greedy_schedule,True,True,6.315,6.315,0.6966,7,7,0,0,0.0,4.1,0.8333,6,8,14,1,1.2
scale_5,24,restart,True,True,9.065,9.065,1.0,12,12,0,0,0.0,4.1,0.8259,11,14,21,2,3.0
scale_5,24,static,True,True,9.065,8.085,0.8919,12,11,1,0,0.0,4.1,0.8259,6,7,0,1,1.5
scale_5,25,full,True,True,6.501,6.501,1.0,11,11,0,0,0.0,4.4,0.7582,8,11,20,2,2.2
scale_5,25,greedy_order,True,True,6.501,6.501,1.0,11,11,0,0,0.0,4.4,0.7582,8,11,20,2,2.2
scale_5,25,greedy_schedule,True,True,3.845,3.845,0.5914,5,5,0,0,0.0,4.4,0.8104,6,8,12,1,1.2
scale_5,25,restart,True,True,6.501,6.501,1.0,11,11,0,0,0.0,4.4,0.7582,11,14,20,2,2.6
scale_5,25,static,True,True,6.501,6.05,0.9306,11,10,1,0,0.0,4.4,0.7582,6,7,0,1,1.4
scale_5,26,full,True,False,7.034,5.161,0.7337,11,8,3,1,0.0,4.4,0.7304,10,13,20,2,2.6
scale_5,26,greedy_order,True,False,7.034,5.161,0.7337,11,8,3,1,0.0,4.4,0.7304,10,13,20,2,2.6
scale_5,26,greedy_schedule,True,False,4.28,3.3,0.4691,6,5,1,1,0.0,4.4,0.6964,10,13,15,2,2.0
scale_5,26,restart,True,False,7.034,5.161,0.7337,11,8,3,1,0.0,4.4,0.7304,11,14,20,2,2.9
scale_5,26,static,True,True,7.034,4.185,0.595,11,7,4,1,0.0,4.4,0.7304,6,7,0,1,1.5
scale_5,27,full,True,True,11.985,11.985,1.0,15,15,0,0,0.0,6.0,0.8259,6,8,24,1,5.2
scale_5,27,greedy_order,True,True,10.578,10.578,0.8826,13,13,0,0,0.0,6.0,0.8256,8,11,23,2,3.4
scale_5,27,greedy_schedule,True,True,7.836,7.836,0.6538,8,8,0,0,0.0,6.0,0.8488,6,8,17,1,1.3
scale_5,27,restart,True,True,11.985,11.985,1.0,15,15,0,0,0.0,6.0,0.8259,6,8,24,1,5.2
scale_5,27,static,True,True,11.985,11.985,1.0,15,15,0,0,0.0,6.0,0.8259,6,7,0,1,5.2
scale_5,28,full,True,True,11.902,11.902,0.9245,16,16,0,0,0.0,5.6,0.8156,8,11,24,2,8.6
scale_5,28,greedy_order,True,True,10.496,10.496,0.8153,14,14,0,0,0.0,5.6,0.8106,8,11,23,2,3.0
scale_5,28,greedy_schedule,True,True,5.363,5.363,0.4166,6,6,0,0,0.0,5.6,0.8065,6,8,13,1,1.4
scale_5,28,restart,True,True,11.902,11.902,0.9245,16,16,0,0,0.0,5.6,0.8156,11,14,24,2,9.0
scale_5,28,static,True,True,12.874,11.902,0.9245,17,16,1,0,0.0,5.6,0.8217,6,7,0,1,4.6
scale_5,29,full,True,True,5.268,5.268,0.9213,7,7,0,0,0.0,4.4,0.7435,8,11,15,2,1.6
scale_5,29,greedy_order,True,True,5.268,5.268,0.9213,7,7,0,0,0.0,4.4,0.7435,8,11,15,2,1.6
scale_5,29,greedy_schedule,True,True,4.379,4.379,0.7658,5,5,0,0,0.0,4.4,0.7616,6,8,12,1,1.1
scale_5,29,restart,True,True,5.268,5.268,0.9213,7,7,0,0,0.0,4.4,0.7435,11,14,15,2,2.1
scale_5,29,static,True,True,5.718,5.268,0.9213,8,7,1,0,0.0,4.4,0.7424,6,7,0,1,1.1
scale_8,0,full,True,False,15.629,13.657,0.8264,22,20,2,1,0.0,5.9,0.8198,10,13,36,2,4.5
scale_8,0,greedy_order,True,False,15.629,13.657,0.8264,22,20,2,1,0.0,5.9,0.8198,10,13,36,2,4.5
scale_8,0,greedy_schedule,True,False,9.705,8.717,0.5275,11,10,1,1,0.0,6.1,0.8359,24,30,54,5,8.4
scale_8,0,restart,True,False,15.629,13.657,0.8264,22,20,2,1,0.0,5.9,0.8198,11,14,36,2,4.9
scale_8,0,static,True,True,16.526,13.657,0.8264,24,20,4,1,0.0,5.9,0.8179,6,7,0,1,2.5
scale_8,1,full,True,True,13.586,13.586,1.0,21,21,0,0,0.0,5.9,0.7532,6,8,33,1,3.8
scale_8,1,greedy_order,True,True,13.586,13.586,1.0,21,21,0,0,0.0,5.9,0.7532,6,8,33,1,3.8
scale_8,1,greedy_schedule,True,True,7.915,7.915,0.5826,13,13,0,0,0.0,9.9,0.6334,11,14,52,2,3.7
scale_8,1,restart,True,True,13.586,13.586,1.0,21,21,0,0,0.0,5.9,0.7532,6,8,33,1,3.8
scale_8,1,static,True,True,13.586,13.586,1.0,21,21,0,0,0.0,5.9,0.7532,6,7,0,1,3.7
scale_8,2,full,True,False,12.096,11.124,0.8867,14,13,1,1,0.0,5.9,0.8517,10,13,28,2,2.8
scale_8,2,greedy_order,True,False,12.096,11.124,0.8867,14,13,1,1,0.0,5.9,0.8517,10,13,28,2,2.7
scale_8,2,greedy_schedule,True,False,6.769,6.769,0.5395,8,8,0,1,0.0,5.9,0.8085,10,13,20,2,2.6
scale_8,2,restart,True,False,12.096,11.124,0.8867,14,13,1,1,0.0,5.9,0.8517,11,14,28,2,3.1
scale_8,2,static,True,True,12.546,10.606,0.8454,15,13,2,1,0.0,5.9,0.8484,6,7,0,1,1.5
scale_8,3,full,True,True,9.95,9.95,0.9984,14,14,0,0,0.0,5.9,0.7489,11,15,36,3,3.1
scale_8,3,greedy_order,True,True,9.95,9.95,0.9984,14,14,0,0,0.0,5.9,0.7489,11,15,36,3,3.1
scale_8,3,greedy_schedule,True,True,7.982,7.982,0.8009,12,12,0,0,0.0,5.9,0.7037,11,15,31,3,3.0
scale_8,3,restart,True,True,9.95,9.95,0.9984,14,14,0,0,0.0,5.9,0.7489,21,26,37,4,5.6
scale_8,3,static,True,False,9.29,7.034,0.7058,15,12,3,0,11.57,5.9,0.6931,6,7,0,1,1.4
scale_8,4,full,True,True,15.645,15.645,0.973,22,22,0,0,0.0,5.9,0.8227,11,15,41,3,4.8
scale_8,4,greedy_order,True,True,15.645,15.645,0.973,22,22,0,0,0.0,5.9,0.8227,11,15,41,3,4.9
scale_8,4,greedy_schedule,True,False,13.052,13.052,0.8117,15,15,0,0,0.0,11.2,0.7948,19,25,63,5,6.5
scale_8,4,restart,True,True,15.645,15.645,0.973,22,22,0,0,0.0,5.9,0.8227,21,26,41,4,7.4
scale_8,4,static,True,False,6.564,6.15,0.3825,10,10,0,0,6.31,5.9,0.7383,6,7,0,1,1.4
scale_8,5,full,True,False,12.622,10.215,0.8093,20,17,3,1,0.0,5.9,0.7469,10,13,34,2,4.5
scale_8,5,greedy_order,True,False,12.622,10.215,0.8093,20,17,3,1,0.0,5.9,0.7469,10,13,34,2,4.5
scale_8,5,greedy_schedule,True,False,7.481,6.501,0.5151,12,11,1,1,0.0,5.9,0.7008,10,13,26,2,2.9
scale_8,5,restart,True,False,12.622,10.215,0.8093,20,17,3,1,0.0,5.9,0.7469,11,14,34,2,4.9
scale_8,5,static,True,True,12.622,9.322,0.7386,20,15,5,1,0.0,5.9,0.7469,6,7,0,1,2.5
scale_8,6,full,True,True,16.079,16.079,1.0,23,23,0,0,0.0,5.9,0.8192,8,11,38,2,3.8
scale_8,6,greedy_order,True,True,16.079,16.079,1.0,23,23,0,0,0.0,5.9,0.8192,8,11,38,2,3.8
scale_8,6,greedy_schedule,True,False,10.136,10.136,0.6304,12,12,0,0,0.0,5.9,0.8278,26,32,57,5,8.7
scale_8,6,restart,True,True,16.079,16.079,1.0,23,23,0,0,0.0,5.9,0.8192,11,14,38,2,4.4
scale_8,6,static,True,True,16.079,14.214,0.884,23,20,3,0,0.0,5.9,0.8192,6,7,0,1,2.3
scale_8,7,full,True,True,11.85,11.85,1.0377,16,16,0,0,0.0,7.8,0.8092,8,11,33,2,2.3
scale_8,7,greedy_order,True,True,11.85,11.85,1.0377,16,16,0,0,0.0,7.8,0.8092,8,11,33,2,2.3
scale_8,7,greedy_schedule,True,True,7.208,7.208,0.6312,9,9,0,0,0.0,7.8,0.8218,8,11,25,2,2.2
scale_8,7,restart,True,True,11.85,11.85,1.0377,16,16,0,0,0.0,7.8,0.8092,11,14,33,2,3.0
scale_8,7,static,True,True,11.42,9.997,0.8754,15,13,2,0,0.0,7.8,0.8173,6,7,0,1,1.5
scale_8,8,full,True,True,11.444,11.444,0.9628,15,15,0,0,0.0,8.1,0.8008,8,11,28,2,2.9
scale_8,8,greedy_order,True,True,11.444,11.444,0.9628,15,15,0,0,0.0,8.1,0.8008,8,11,28,2,2.9
scale_8,8,greedy_schedule,True,True,8.626,8.626,0.7257,11,11,0,0,0.0,8.1,0.7837,8,11,24,2,2.7
scale_8,8,restart,True,True,11.444,11.444,0.9628,15,15,0,0,0.0,8.1,0.8008,11,14,28,2,3.7
scale_8,8,static,True,True,11.886,11.444,0.9628,16,15,1,0,0.0,8.1,0.7976,6,7,0,1,1.9
scale_8,9,full,True,True,15.629,15.629,0.972,22,22,0,0,0.0,5.9,0.8198,8,11,36,2,4.1
scale_8,9,greedy_order,True,True,15.629,15.629,0.972,22,22,0,0,0.0,5.9,0.8198,8,11,36,2,4.1
scale_8,9,greedy_schedule,True,True,10.136,10.136,0.6304,12,12,0,0,0.0,5.9,0.8278,8,11,27,2,2.9
scale_8,9,restart,True,True,15.629,15.629,0.972,22,22,0,0,0.0,5.9,0.8198,11,14,36,2,4.7
scale_8,9,static,True,True,16.079,14.657,0.9116,23,21,2,0,0.0,5.9,0.8192,6,7,0,1,2.4
scale_8,10,full,True,True,16.079,16.079,1.0,23,23,0,0,0.0,5.9,0.8192,6,8,35,1,2.5
scale_8,10,greedy_order,True,True,16.079,16.079,1.0,23,23,0,0,0.0,5.9,0.8192,6,8,35,1,2.5
scale_8,10,greedy_schedule,True,False,11.55,11.55,0.7183,14,14,0,0,0.0,11.2,0.7786,23,29,56,5,8.1
scale_8,10,restart,True,True,16.079,16.079,1.0,23,23,0,0,0.0,5.9,0.8192,6,8,35,1,2.5
scale_8,10,static,True,True,16.079,16.079,1.0,23,23,0,0,0.0,5.9,0.8192,6,7,0,1,2.6
scale_8,11,full,True,False,15.285,13.345,0.8731,20,18,2,1,0.0,5.9,0.8359,10,13,34,2,4.3
scale_8,11,greedy_order,True,False,15.285,13.345,0.8731,20,18,2,1,0.0,5.9,0.8359,10,13,34,2,4.3
scale_8,11,greedy_schedule,True,False,10.223,9.251,0.6052,11,10,1,1,0.0,5.9,0.8501,10,13,26,2,2.9
scale_8,11,restart,True,False,15.285,13.345,0.8731,20,18,2,1,0.0,5.9,0.8359,11,14,34,2,4.7
scale_8,11,static,True,True,15.285,12.361,0.8087,20,17,3,1,0.0,5.9,0.8359,6,7,0,1,2.3
scale_8,12,full,True,True,10.266,10.266,0.9579,16,16,0,0,0.0,5.9,0.7158,8,11,30,2,2.5
scale_8,12,greedy_order,True,True,10.266,10.266,0.9579,16,16,0,0,0.0,5.9,0.7158,8,11,30,2,2.5
scale_8,12,greedy_schedule,True,True,9.393,9.393,0.8765,14,14,0,0,0.0,5.9,0.7153,8,11,28,2,2.5
scale_8,12,restart,True,True,10.266,10.266,0.9579,16,16,0,0,0.0,5.9,0.7158,11,14,30,2,3.2
scale_8,12,static,True,True,10.717,9.831,0.9173,17,15,2,0,0.0,5.9,0.7192,6,7,0,1,1.6
scale_8,13,full,True,False,11.645,9.705,0.7736,13,11,2,1,0.0,5.9,0.8526,10,13,28,2,2.5
scale_8,13,greedy_order,True,False,11.645,9.705,0.7736,13,11,2,1,0.0,5.9,0.8526,10,13,28,2,2.5
scale_8,13,greedy_schedule,True,False,7.311,7.311,0.5827,8,8,0,1,0.0,5.9,0.8324,10,13,23,2,2.4
scale_8,13,restart,True,False,11.645,9.705,0.7736,13,11,2,1,0.0,5.9,0.8526,11,14,28,2,2.9
scale_8,13,static,True,False,11.534,9.271,0.739,14,12,2,1,3.38,5.9,0.8266,6,7,0,1,1.4
scale_8,14,full,True,True,8.504,8.504,1.0142,12,12,0,0,0.0,8.3,0.7506,10,13,28,2,3.2
scale_8,14,greedy_order,True,True,8.504,8.504,1.0142,12,12,0,0,0.0,8.3,0.7506,10,13,28,2,3.2
scale_8,14,greedy_schedule,True,True,7.097,7.097,0.8464,10,10,0,0,0.0,8.3,0.7405,10,13,28,2,2.7
scale_8,14,restart,True,True,8.504,8.504,1.0142,12,12,0,0,0.0,8.3,0.7506,11,14,28,2,3.6
scale_8,14,static,True,True,8.385,4.145,0.4943,13,7,6,1,0.0,8.1,0.7383,6,7,0,1,1.8
scale_8,15,full,True,True,14.818,14.818,1.0,19,19,0,0,0.0,5.9,0.8321,8,11,32,2,3.6
scale_8,15,greedy_order,True,True,14.818,14.818,1.0,19,19,0,0,0.0,5.9,0.8321,8,11,32,2,3.6
scale_8,15,greedy_schedule,True,True,12.088,12.088,0.8158,14,14,0,0,0.0,5.9,0.8471,8,11,28,2,2.7
scale_8,15,restart,True,True,14.818,14.818,1.0,19,19,0,0,0.0,5.9,0.8321,11,14,32,2,4.3
scale_8,15,static,True,True,14.818,13.834,0.9336,19,18,1,0,0.0,5.9,0.8321,6,7,0,1,2.6
scale_8,16,full,True,True,8.516,8.516,0.939,12,12,0,0,0.0,8.3,0.7639,10,13,26,2,2.6
scale_8,16,greedy_order,True,True,8.516,8.516,0.939,12,12,0,0,0.0,8.3,0.7639,10,13,26,2,2.6
scale_8,16,greedy_schedule,True,True,6.117,6.117,0.6745,9,9,0,0,0.0,8.3,0.7187,10,13,24,2,2.5
scale_8,16,restart,True,True,8.516,8.516,0.939,12,12,0,0,0.0,8.3,0.7639,11,14,26,2,3.0
scale_8,16,static,True,True,9.069,5.682,0.6265,12,8,4,1,0.0,8.1,0.7867,6,7,0,1,1.5
scale_8,17,full,True,True,10.669,10.669,0.8504,12,12,0,0,0.0,5.9,0.8443,11,15,33,3,3.1
scale_8,17,greedy_order,True,True,10.669,10.669,0.8504,12,12,0,0,0.0,5.9,0.8443,11,15,33,3,3.1
scale_8,17,greedy_schedule,True,True,6.339,6.339,0.5053,7,7,0,0,0.0,5.9,0.8255,9,12,27,2,2.3
scale_8,17,restart,True,True,10.669,10.669,0.8504,12,12,0,0,0.0,5.9,0.8443,21,26,33,4,5.7
scale_8,17,static,True,False,8.516,5.703,0.4546,12,10,2,0,13.06,5.9,0.7722,6,7,0,1,1.4
scale_8,18,full,True,True,12.85,12.85,1.0,17,17,0,0,0.0,5.9,0.8153,8,11,30,2,2.5
scale_8,18,greedy_order,True,True,12.85,12.85,1.0,17,17,0,0,0.0,5.9,0.8153,8,11,30,2,2.6
scale_8,18,greedy_schedule,True,True,10.57,10.57,0.8226,13,13,0,0,0.0,5.9,0.8228,6,8,25,1,1.7
scale_8,18,restart,True,True,12.85,12.85,1.0,17,17,0,0,0.0,5.9,0.8153,11,14,30,2,3.2
scale_8,18,static,True,True,12.85,12.4,0.965,17,16,1,0,0.0,5.9,0.8153,6,7,0,1,1.6
scale_8,19,full,True,True,11.005,11.005,0.9259,14,14,0,0,0.0,8.1,0.801,8,11,30,2,2.8
scale_8,19,greedy_order,True,True,11.005,11.005,0.9259,14,14,0,0,0.0,8.1,0.801,8,11,30,2,2.8
scale_8,19,greedy_schedule,True,True,7.196,7.196,0.6054,9,9,0,0,0.0,8.1,0.7657,8,11,25,2,2.5
scale_8,19,restart,True,True,11.005,11.005,0.9259,14,14,0,0,0.0,8.1,0.801,11,14,30,2,3.5
scale_8,19,static,True,True,11.886,10.128,0.8521,16,12,4,0,0.0,8.1,0.7976,6,7,0,1,1.8
scale_8,20,full,True,True,13.384,13.384,1.0794,17,17,0,0,0.0,6.1,0.8238,10,13,32,2,2.9
scale_8,20,greedy_order,True,True,13.384,13.384,1.0794,17,17,0,0,0.0,6.1,0.8238,10,13,32,2,2.9
scale_8,20,greedy_schedule,True,True,10.57,10.57,0.8524,13,13,0,0,0.0,6.1,0.8205,10,13,27,2,2.9
scale_8,20,restart,True,True,13.384,13.384,1.0794,17,17,0,0,0.0,6.1,0.8238,11,14,32,2,3.2
scale_8,20,static,True,True,12.4,9.128,0.7361,16,11,5,1,0.0,5.9,0.8165,6,7,0,1,1.6
scale_8,21,full,True,True,9.492,9.492,1.0,13,13,0,0,0.0,8.1,0.7743,6,8,25,1,1.5
scale_8,21,greedy_order,True,True,9.492,9.492,1.0,13,13,0,0,0.0,8.1,0.7743,6,8,25,1,1.5
scale_8,21,greedy_schedule,True,True,7.105,7.105,0.7485,10,10,0,0,0.0,8.1,0.7513,6,8,22,1,1.4
scale_8,21,restart,True,True,9.492,9.492,1.0,13,13,0,0,0.0,8.1,0.7743,6,8,25,1,1.5
scale_8,21,static,True,True,9.492,9.492,1.0,13,13,0,0,0.0,8.1,0.7743,6,7,0,1,1.4
scale_8,22,full,True,True,11.562,11.562,0.9216,14,14,0,0,0.0,5.9,0.839,8,11,27,2,2.3
scale_8,22,greedy_order,True,True,11.562,11.562,0.9216,14,14,0,0,0.0,5.9,0.839,8,11,27,2,2.3
scale_8,22,greedy_schedule,True,True,6.757,6.757,0.5386,8,8,0,0,0.0,5.9,0.8003,8,11,22,2,2.3
scale_8,22,restart,True,True,11.562,11.562,0.9216,14,14,0,0,0.0,5.9,0.839,11,14,27,2,3.0
scale_8,22,static,True,True,12.546,11.562,0.9216,15,14,1,0,0.0,5.9,0.8484,6,7,0,1,1.5
scale_8,23,full,True,True,10.488,10.488,0.9238,14,14,0,0,0.0,8.1,0.7916,8,11,29,2,2.8
scale_8,23,greedy_order,True,True,10.488,10.488,0.9238,14,14,0,0,0.0,8.1,0.7916,8,11,29,2,2.8
scale_8,23,greedy_schedule,True,True,8.618,8.618,0.7591,11,11,0,0,0.0,8.1,0.776,8,11,26,2,2.5
scale_8,23,restart,True,True,10.488,10.488,0.9238,14,14,0,0,0.0,8.1,0.7916,11,14,29,2,3.5
scale_8,23,static,True,True,11.353,10.037,0.8841,16,13,3,0,0.0,8.1,0.7865,6,7,0,1,1.8
scale_8,24,full,True,True,11.436,11.436,1.0,15,15,0,0,0.0,7.8,0.822,11,15,36,3,3.0
scale_8,24,greedy_order,True,True,11.436,11.436,1.0,15,15,0,0,0.0,7.8,0.822,11,15,36,3,3.0
scale_8,24,greedy_schedule,True,True,7.63,7.63,0.6672,10,10,0,0,0.0,7.8,0.8046,11,15,32,3,3.0
scale_8,24,restart,True,True,11.436,11.436,1.0,15,15,0,0,0.0,7.8,0.822,21,26,36,4,5.5
scale_8,24,static,True,False,6.504,6.155,0.5382,10,10,0,0,5.36,7.8,0.7379,6,7,0,1,1.3
scale_8,25,full,True,True,7.738,7.738,1.0584,15,15,0,0,0.0,5.9,0.7245,11,15,35,3,3.1
scale_8,25,greedy_order,True,True,7.738,7.738,1.0584,15,15,0,0,0.0,5.9,0.7245,11,15,35,3,3.1
scale_8,25,greedy_schedule,True,True,5.07,5.07,0.6935,9,9,0,0,0.0,5.9,0.7253,11,15,29,3,3.1
scale_8,25,restart,True,True,7.738,7.738,1.0584,15,15,0,0,0.0,5.9,0.7245,21,26,36,4,5.6
scale_8,25,static,True,False,5.742,4.289,0.5867,13,11,2,0,11.54,5.9,0.6649,6,7,0,1,1.4
scale_8,26,full,True,True,9.484,9.484,0.9971,13,13,0,0,0.0,8.1,0.7732,8,11,27,2,2.2
scale_8,26,greedy_order,True,True,9.484,9.484,0.9971,13,13,0,0,0.0,8.1,0.7732,8,11,27,2,2.2
scale_8,26,greedy_schedule,True,True,8.069,8.069,0.8483,11,11,0,0,0.0,8.1,0.7574,8,11,25,2,2.1
scale_8,26,restart,True,True,9.484,9.484,0.9971,13,13,0,0,0.0,8.1,0.7732,11,14,27,2,2.9
scale_8,26,static,True,True,9.512,8.618,0.906,13,11,2,0,0.0,8.1,0.7801,6,7,0,1,1.5
scale_8,27,full,True,True,7.319,7.319,1.0,14,14,0,0,0.0,5.9,0.7291,9,12,34,2,2.3
scale_8,27,greedy_order,True,True,7.319,7.319,1.0,14,14,0,0,0.0,5.9,0.7291,9,12,34,2,2.3
scale_8,27,greedy_schedule,True,True,5.066,5.066,0.6922,9,9,0,0,0.0,5.9,0.7245,9,12,28,2,2.3
scale_8,27,restart,True,True,7.319,7.319,1.0,14,14,0,0,0.0,5.9,0.7291,11,14,34,2,2.8
scale_8,27,static,True,False,5.742,5.62,0.7679,13,13,0,0,2.12,5.9,0.6781,6,7,0,1,1.4
scale_8,28,full,True,True,15.289,15.289,0.9719,20,20,0,0,0.0,5.9,0.8369,8,11,36,2,3.7
scale_8,28,greedy_order,True,True,15.289,15.289,0.9719,20,20,0,0,0.0,5.9,0.8369,8,11,36,2,3.7
scale_8,28,greedy_schedule,True,True,10.76,10.76,0.684,11,11,0,0,0.0,5.9,0.8669,8,11,25,2,2.5
scale_8,28,restart,True,True,15.289,15.289,0.9719,20,20,0,0,0.0,5.9,0.8369,11,14,36,2,4.4
scale_8,28,static,True,True,15.731,13.321,0.8468,21,18,3,0,0.0,5.9,0.8335,6,7,0,1,2.3
scale_8,29,full,True,True,16.079,16.079,1.0,23,23,0,0,0.0,5.9,0.8192,9,12,39,2,3.2
scale_8,29,greedy_order,True,True,16.079,16.079,1.0,23,23,0,0,0.0,5.9,0.8192,9,12,39,2,3.3
scale_8,29,greedy_schedule,True,False,6.564,5.802,0.3608,10,10,0,0,11.6,5.9,0.7277,22,28,63,5,6.6
scale_8,29,restart,True,True,16.079,16.079,1.0,23,23,0,0,0.0,5.9,0.8192,11,14,39,2,3.8
scale_8,29,static,True,False,6.564,5.411,0.3365,10,9,1,0,11.6,5.9,0.7277,6,7,0,1,1.4
scale_12,0,full,True,False,19.81,17.94,0.8626,29,26,3,1,0.0,12.9,0.7888,19,25,58,5,13.7
scale_12,0,greedy_order,True,False,19.81,17.94,0.8626,29,26,3,1,0.0,12.9,0.7888,19,25,58,5,13.8
scale_12,0,greedy_schedule,True,False,14.917,13.494,0.6488,18,16,2,1,0.0,12.9,0.7918,10,13,45,2,4.8
scale_12,0,restart,True,False,19.81,17.94,0.8626,29,26,3,1,0.0,12.9,0.7888,21,26,58,4,13.6
scale_12,0,static,True,False,8.397,6.505,0.3128,13,10,3,1,0.35,12.9,0.699,6,7,0,1,2.9
scale_12,1,full,True,True,16.738,16.738,0.9265,21,21,0,0,0.0,12.9,0.7864,8,11,46,2,9.9
scale_12,1,greedy_order,True,True,16.738,16.738,0.9265,21,21,0,0,0.0,12.9,0.7864,8,11,46,2,9.6
scale_12,1,greedy_schedule,True,True,14.364,14.364,0.7951,18,18,0,0,0.0,12.9,0.7787,8,11,41,2,4.0
scale_12,1,restart,True,True,16.738,16.738,0.9265,21,21,0,0,0.0,12.9,0.7864,11,14,46,2,11.0
scale_12,1,static,True,True,18.066,15.845,0.8771,24,19,5,0,0.0,12.9,0.7867,6,7,0,1,8.0
scale_12,2,full,True,False,12.685,10.294,0.6132,19,16,3,2,0.0,12.6,0.7508,19,25,47,5,6.9
scale_12,2,greedy_order,True,False,12.685,10.294,0.6132,19,16,3,2,0.0,12.6,0.7508,19,25,47,5,6.9
scale_12,2,greedy_schedule,True,True,10.562,10.562,0.6292,13,13,0,0,0.0,11.4,0.7738,18,23,77,4,8.9
scale_12,2,restart,True,False,7.839,6.484,0.3863,13,12,1,2,5.64,12.6,0.6807,26,32,47,5,10.3
scale_12,2,static,True,False,8.27,6.453,0.3844,14,12,2,2,5.92,12.4,0.6844,6,7,0,1,2.1
scale_12,3,full,True,True,16.304,16.304,0.9437,20,20,0,0,0.0,12.9,0.7953,8,11,43,2,8.9
scale_12,3,greedy_order,True,True,16.304,16.304,0.9437,20,20,0,0,0.0,12.9,0.7953,8,11,43,2,9.7
scale_12,3,greedy_schedule,True,True,13.929,13.929,0.8063,17,17,0,0,0.0,12.9,0.7819,6,8,37,1,3.1
scale_12,3,restart,True,True,16.304,16.304,0.9437,20,20,0,0,0.0,12.9,0.7953,11,14,43,2,13.1
scale_12,3,static,True,True,17.276,15.332,0.8875,21,19,2,0,0.0,12.9,0.801,6,7,0,1,6.7
scale_12,4,full,True,True,18.951,18.951,0.9772,26,26,0,0,0.0,11.2,0.7981,15,20,74,4,10.7
scale_12,4,greedy_order,True,True,18.951,18.951,0.9772,26,26,0,0,0.0,11.2,0.7981,15,20,74,4,10.6
scale_12,4,greedy_schedule,True,True,12.953,12.953,0.6679,16,16,0,0,0.0,11.2,0.792,15,20,61,4,7.2
scale_12,4,restart,True,False,13.605,13.605,0.7015,20,20,0,0,0.0,12.4,0.7501,16,20,43,3,9.2
scale_12,4,static,True,False,14.486,12.727,0.6562,22,18,4,0,0.0,12.4,0.7526,6,7,0,1,3.1
scale_12,5,full,True,True,19.066,19.066,0.9781,25,25,0,0,0.0,14.2,0.7929,19,25,83,5,11.9
scale_12,5,greedy_order,True,True,19.066,19.066,0.9781,25,25,0,0,0.0,14.2,0.7929,19,25,83,5,11.9
scale_12,5,greedy_schedule,True,True,12.989,12.989,0.6663,16,16,0,0,0.0,11.2,0.8012,17,22,72,4,7.1
scale_12,5,restart,True,False,6.974,6.421,0.3294,11,11,0,0,7.94,12.4,0.6688,26,32,47,5,10.7
scale_12,5,static,True,False,6.974,5.598,0.2872,11,9,2,0,7.94,12.4,0.6688,6,7,0,1,2.1
scale_12,6,full,True,True,11.313,11.313,0.9634,16,16,0,0,0.0,12.9,0.7347,8,11,37,2,4.7
scale_12,6,greedy_order,True,True,11.313,11.313,0.9634,16,16,0,0,0.0,12.9,0.7347,8,11,37,2,4.7
scale_12,6,greedy_schedule,True,True,9.464,9.464,0.8059,13,13,0,0,0.0,12.9,0.7204,8,11,36,2,3.8
scale_12,6,restart,True,True,11.313,11.313,0.9634,16,16,0,0,0.0,12.9,0.7347,11,14,37,2,7.3
scale_12,6,static,True,True,11.743,11.313,0.9634,17,16,1,0,0.0,12.9,0.735,6,7,0,1,6.2
scale_12,7,full,True,False,16.854,14.008,0.6887,26,22,4,1,0.0,12.2,0.7752,10,13,60,2,16.9
scale_12,7,greedy_order,True,True,21.192,21.192,1.0419,31,31,0,0,0.0,12.2,0.7953,10,14,57,3,66.1
scale_12,7,greedy_schedule,True,False,10.306,9.322,0.4583,16,15,1,1,0.0,12.2,0.7575,10,13,45,2,5.5
scale_12,7,restart,True,False,16.854,14.008,0.6887,26,22,4,1,0.0,12.2,0.7752,11,14,60,2,15.8
scale_12,7,static,True,True,20.339,10.741,0.5281,29,17,12,1,0.0,12.2,0.8035,6,7,0,1,12.6
scale_12,8,full,True,True,21.03,21.03,0.9562,27,27,0,0,0.0,11.2,0.8211,13,17,60,3,8.9
scale_12,8,greedy_order,True,True,21.03,21.03,0.9562,27,27,0,0,0.0,11.2,0.8211,13,17,60,3,8.9
scale_12,8,greedy_schedule,True,True,15.541,15.541,0.7066,17,17,0,0,0.0,11.2,0.8319,13,17,47,3,6.6
scale_12,8,restart,True,False,21.129,21.129,0.9607,26,26,0,0,0.0,14.2,0.8167,16,20,52,3,10.5
scale_12,8,static,True,False,22.093,18.738,0.852,27,23,4,0,0.0,14.2,0.8207,6,7,0,1,3.6
scale_12,9,full,True,True,16.332,16.332,0.8927,20,20,0,0,0.0,11.2,0.8107,17,22,55,4,7.0
scale_12,9,greedy_order,True,True,16.332,16.332,0.8927,20,20,0,0,0.0,11.2,0.8107,17,22,55,4,7.0
scale_12,9,greedy_schedule,True,True,12.064,12.064,0.6594,14,14,0,0,0.0,11.2,0.7946,17,22,48,4,6.8
scale_12,9,restart,True,False,10.333,9.383,0.5128,15,15,0,0,9.19,14.2,0.7161,26,32,49,5,12.1
scale_12,9,static,True,False,11.317,9.383,0.5128,16,15,1,0,9.19,14.2,0.7296,6,7,0,1,2.5
scale_12,10,full,True,True,15.683,15.683,0.9661,21,21,0,0,0.0,11.2,0.7927,17,23,69,5,7.5
scale_12,10,greedy_order,True,True,15.683,15.683,0.9661,21,21,0,0,0.0,11.2,0.7927,17,23,69,5,7.6
scale_12,10,greedy_schedule,True,True,10.985,10.985,0.6767,14,14,0,0,0.0,11.2,0.7678,17,23,61,5,8.6
scale_12,10,restart,True,False,13.198,13.198,0.813,19,19,0,0,0.0,12.4,0.7629,21,26,40,4,10.5
scale_12,10,static,True,False,12.747,11.775,0.7254,18,17,1,0,0.0,12.4,0.7612,6,7,0,1,2.1
scale_12,11,full,True,False,12.396,10.966,0.8536,22,20,2,1,0.0,12.9,0.6449,10,13,43,2,4.7
scale_12,11,greedy_order,True,False,12.396,10.966,0.8536,22,20,2,1,0.0,12.9,0.6449,10,13,43,2,6.1
scale_12,11,greedy_schedule,True,False,8.887,8.887,0.6918,14,14,0,1,0.0,12.9,0.6323,10,13,35,2,5.3
scale_12,11,restart,True,False,12.396,10.966,0.8536,22,20,2,1,0.0,12.9,0.6449,11,14,43,2,5.6
scale_12,11,static,True,True,12.847,10.966,0.8536,23,20,3,1,0.0,12.9,0.6525,6,7,0,1,3.0
scale_12,12,full,True,True,13.55,13.55,0.8734,27,27,0,0,0.0,12.9,0.7053,8,11,55,2,6.9
scale_12,12,greedy_order,True,True,13.55,13.55,0.8734,27,27,0,0,0.0,12.9,0.7053,8,11,55,2,7.0
scale_12,12,greedy_schedule,True,True,9.615,9.615,0.6198,18,18,0,0,0.0,12.9,0.7103,8,11,40,2,4.3
scale_12,12,restart,True,True,13.55,13.55,0.8734,27,27,0,0,0.0,12.9,0.7053,11,14,55,2,8.5
scale_12,12,static,True,True,15.514,12.215,0.7874,29,24,5,0,0.0,12.9,0.7254,6,7,0,1,4.7
scale_12,13,full,True,False,14.502,13.617,0.939,28,26,2,1,0.0,11.2,0.7184,19,24,57,4,13.2
scale_12,13,greedy_order,True,False,14.502,13.617,0.939,28,26,2,1,0.0,11.2,0.7184,19,24,57,4,13.2
scale_12,13,greedy_schedule,True,False,10.124,9.678,0.6674,18,17,1,1,0.0,11.2,0.7276,19,24,45,4,9.6
scale_12,13,restart,True,False,13.609,12.724,0.8774,26,24,2,1,0.0,14.2,0.7096,26,32,49,5,19.4
scale_12,13,static,True,False,13.609,11.736,0.8093,26,23,3,1,0.0,14.2,0.7096,6,7,0,1,5.0
scale_12,14,full,True,True,13.068,13.068,0.9997,21,21,0,0,0.0,12.9,0.6833,11,15,53,3,10.2
scale_12,14,greedy_order,True,True,13.068,13.068,0.9997,21,21,0,0,0.0,12.9,0.6833,11,15,53,3,5.8
scale_12,14,greedy_schedule,True,True,9.962,9.962,0.7621,14,14,0,0,0.0,12.9,0.6746,9,12,42,2,4.4
scale_12,14,restart,True,True,13.068,13.068,0.9997,21,21,0,0,0.0,12.9,0.6833,21,26,54,4,12.0
scale_12,14,static,True,False,11.91,10.206,0.7808,21,20,1,0,6.66,12.9,0.6315,6,7,0,1,2.7
scale_12,15,full,True,True,17.607,17.607,0.9295,23,23,0,0,0.0,11.2,0.7965,15,20,73,4,12.1
scale_12,15,greedy_order,True,True,17.607,17.607,0.9295,23,23,0,0,0.0,11.2,0.7965,15,20,73,4,11.4
scale_12,15,greedy_schedule,True,True,13.897,13.897,0.7336,17,17,0,0,0.0,11.2,0.7892,15,20,63,4,7.2
scale_12,15,restart,True,False,14.589,14.589,0.7702,21,21,0,0,0.0,12.4,0.7623,16,20,40,3,9.6
scale_12,15,static,True,False,15.019,14.589,0.7702,22,21,1,0,0.0,12.4,0.7607,6,7,0,1,6.2
scale_12,16,full,True,True,15.052,15.052,0.9377,28,28,0,0,0.0,11.2,0.7288,13,17,62,3,11.7
scale_12,16,greedy_order,True,True,15.052,15.052,0.9377,28,28,0,0,0.0,11.2,0.7288,13,17,62,3,13.6
scale_12,16,greedy_schedule,True,True,10.634,10.634,0.6625,18,18,0,0,0.0,11.2,0.7366,13,17,51,3,7.8
scale_12,16,restart,True,False,13.621,13.621,0.8486,26,26,0,0,0.0,14.2,0.7108,16,20,55,3,11.1
scale_12,16,static,True,False,15.06,11.847,0.738,28,22,6,0,0.0,14.2,0.722,6,7,0,1,3.6
scale_12,17,full,True,True,15.7,15.7,0.9997,27,27,0,0,0.0,12.9,0.6897,11,15,54,3,6.2
scale_12,17,greedy_order,True,True,15.7,15.7,0.9997,27,27,0,0,0.0,12.9,0.6897,11,15,54,3,6.2
scale_12,17,greedy_schedule,True,True,9.718,9.718,0.6188,17,17,0,0,0.0,12.9,0.6405,9,12,46,2,4.3
scale_12,17,restart,True,True,15.7,15.7,0.9997,27,27,0,0,0.0,12.9,0.6897,21,26,54,4,12.1
scale_12,17,static,True,False,8.831,7.511,0.4783,14,13,1,0,10.38,12.9,0.595,6,7,0,1,4.3
scale_12,18,full,True,True,19.81,19.81,0.9734,29,29,0,0,0.0,12.9,0.7888,8,11,54,2,8.6
scale_12,18,greedy_order,True,True,19.81,19.81,0.9734,29,29,0,0,0.0,12.9,0.7888,8,11,54,2,7.8
scale_12,18,greedy_schedule,True,True,14.024,14.024,0.6891,16,16,0,0,0.0,12.9,0.7982,10,14,40,3,7.3
scale_12,18,restart,True,True,19.81,19.81,0.9734,29,29,0,0,0.0,12.9,0.7888,11,14,54,2,9.9
scale_12,18,static,True,True,20.351,17.593,0.8645,29,24,5,0,0.0,12.9,0.7959,6,7,0,1,7.1
scale_12,19,full,True,True,13.984,13.984,0.8489,22,22,0,0,0.0,9.3,0.7698,10,14,50,3,8.0
scale_12,19,greedy_order,True,False,15.87,13.922,0.8451,25,23,2,1,0.0,14.4,0.757,15,19,89,3,15.4
scale_12,19,greedy_schedule,True,True,8.879,8.879,0.539,14,14,0,0,0.0,9.3,0.7541,8,11,39,2,4.8
scale_12,19,restart,True,True,13.984,13.984,0.8489,22,22,0,0,0.0,9.3,0.7698,16,20,50,3,11.5
scale_12,19,static,True,True,16.474,11.578,0.7028,24,19,5,0,0.0,9.3,0.7956,6,7,0,1,4.0
scale_12,20,full,True,True,16.643,16.643,0.9492,22,22,0,0,0.0,13.1,0.7762,12,16,89,3,26.2
scale_12,20,greedy_order,True,True,17.533,17.533,1.0,24,24,0,0,0.0,13.1,0.7782,10,13,47,2,29.3
scale_12,20,greedy_schedule,True,True,11.878,11.878,0.6775,16,16,0,0,0.0,13.1,0.7478,12,16,77,3,8.6
scale_12,20,restart,True,True,16.643,16.643,0.9492,22,22,0,0,0.0,13.1,0.7762,16,20,89,3,30.0
scale_12,20,static,True,True,17.533,13.186,0.7521,24,19,5,1,0.0,12.9,0.7793,6,7,0,1,8.3
scale_12,21,full,True,False,14.451,11.606,0.5845,23,19,4,1,0.0,12.2,0.7593,10,13,50,2,12.9
scale_12,21,greedy_order,True,True,16.387,16.387,0.8253,25,25,0,0,0.0,12.2,0.7725,8,11,50,2,31.9
scale_12,21,greedy_schedule,True,False,9.757,8.773,0.4418,16,15,1,1,0.0,12.2,0.7394,16,21,45,4,9.5
scale_12,21,restart,True,False,14.451,11.606,0.5845,23,19,4,1,0.0,12.2,0.7593,11,14,50,2,12.4
scale_12,21,static,True,True,19.856,10.713,0.5395,28,17,11,1,0.0,12.2,0.8022,6,7,0,1,6.2
scale_12,22,full,True,True,20.05,20.05,0.8759,26,26,0,0,0.0,11.2,0.8138,18,24,62,5,13.4
scale_12,22,greedy_order,True,True,20.05,20.05,0.8759,26,26,0,0,0.0,11.2,0.8138,18,24,62,5,12.4
scale_12,22,greedy_schedule,True,True,14.545,14.545,0.6354,16,16,0,0,0.0,11.2,0.8153,15,20,43,4,7.6
scale_12,22,restart,True,False,19.765,19.765,0.8634,23,23,0,0,0.0,14.2,0.8163,16,20,45,3,10.3
scale_12,22,static,True,False,19.765,18.797,0.8212,23,22,1,0,0.0,14.2,0.8163,6,7,0,1,3.5
scale_12,23,full,True,True,15.904,15.904,1.0267,24,24,0,0,0.0,9.3,0.782,8,11,49,2,5.5
scale_12,23,greedy_order,True,False,15.423,13.016,0.8403,24,21,3,1,0.0,14.2,0.7598,15,19,88,3,12.9
scale_12,23,greedy_schedule,True,True,9.859,9.859,0.6365,15,15,0,0,0.0,9.3,0.77,10,14,38,3,4.9
scale_12,23,restart,True,True,15.904,15.904,1.0267,24,24,0,0,0.0,9.3,0.782,11,14,49,2,6.3
scale_12,23,static,True,True,15.49,13.625,0.8796,23,20,3,0,0.0,9.3,0.7889,6,7,0,1,3.1
scale_12,24,full,True,True,13.179,13.179,0.9088,25,25,0,0,0.0,11.2,0.7176,15,20,59,4,12.6
scale_12,24,greedy_order,True,True,13.179,13.179,0.9088,25,25,0,0,0.0,11.2,0.7176,15,20,59,4,16.6
scale_12,24,greedy_schedule,True,True,10.104,10.104,0.6967,18,18,0,0,0.0,11.2,0.7231,15,20,48,4,12.6
scale_12,24,restart,True,False,12.728,12.728,0.8777,24,24,0,0,0.0,14.2,0.7096,16,20,51,3,17.1
scale_12,24,static,True,False,13.609,10.859,0.7488,26,21,5,0,0.0,14.2,0.7096,6,7,0,1,4.0
scale_12,25,full,True,True,13.582,13.582,1.0003,21,21,0,0,0.0,14.2,0.759,15,20,79,4,8.4
scale_12,25,greedy_order,True,True,14.083,14.083,1.0372,21,21,0,0,0.0,9.3,0.7845,8,11,45,2,3.5
scale_12,25,greedy_schedule,True,True,9.713,9.713,0.7153,16,16,0,0,0.0,9.3,0.7399,8,11,44,2,3.5
scale_12,25,restart,True,False,12.151,12.151,0.8949,19,19,0,0,0.0,9.3,0.7692,16,20,45,3,7.4
scale_12,25,static,True,False,13.111,10.701,0.7881,20,17,3,0,0.0,9.3,0.7767,6,7,0,1,2.2
scale_12,26,full,True,False,11.115,9.246,0.6161,18,15,3,1,0.0,12.2,0.7378,10,13,44,2,14.7
scale_12,26,greedy_order,True,True,13.059,13.059,0.8702,20,20,0,0,0.0,12.2,0.759,8,11,44,2,35.7
scale_12,26,greedy_schedule,True,False,9.709,8.725,0.5814,16,15,1,1,0.0,12.2,0.7278,10,13,41,2,4.9
scale_12,26,restart,True,False,11.115,9.246,0.6161,18,15,3,1,0.0,12.2,0.7378,11,14,44,2,11.6
scale_12,26,static,True,True,15.007,8.803,0.5866,22,14,8,1,0.0,12.2,0.7757,6,7,0,1,6.7
scale_12,27,full,True,True,17.513,17.513,0.9752,24,24,0,0,0.0,11.2,0.7871,15,20,74,4,10.5
scale_12,27,greedy_order,True,True,17.513,17.513,0.9752,24,24,0,0,0.0,11.2,0.7871,15,20,74,4,10.4
scale_12,27,greedy_schedule,True,True,14.786,14.786,0.8233,19,19,0,0,0.0,11.2,0.7875,17,23,67,5,8.3
scale_12,27,restart,True,False,14.486,14.486,0.8066,22,22,0,0,0.0,12.4,0.7536,16,20,41,3,9.5
scale_12,27,static,True,False,14.506,14.055,0.7826,22,21,1,0,0.0,12.4,0.7569,6,7,0,1,3.1
scale_12,28,full,True,True,12.281,12.281,0.9659,17,17,0,0,0.0,12.9,0.7443,8,11,39,2,4.9
scale_12,28,greedy_order,True,True,12.281,12.281,0.9659,17,17,0,0,0.0,12.9,0.7443,8,11,39,2,6.0
scale_12,28,greedy_schedule,True,True,11.408,11.408,0.8972,15,15,0,0,0.0,12.9,0.7436,6,8,35,1,5.9
scale_12,28,restart,True,True,12.281,12.281,0.9659,17,17,0,0,0.0,12.9,0.7443,11,14,39,2,11.4
scale_12,28,static,True,True,12.715,11.838,0.931,18,16,2,0,0.0,12.9,0.7446,6,7,0,1,4.1
scale_12,29,full,True,True,12.191,12.191,0.7824,24,24,0,0,0.0,11.2,0.707,19,25,62,5,12.1
scale_12,29,greedy_order,True,True,12.191,12.191,0.7824,24,24,0,0,0.0,11.2,0.707,19,25,62,5,17.4
scale_12,29,greedy_schedule,True,True,9.243,9.243,0.5932,16,16,0,0,0.0,11.2,0.731,17,22,54,4,12.7
scale_12,29,restart,True,False,6.255,5.206,0.3341,13,13,0,0,16.77,14.2,0.6343,26,32,51,5,17.3
scale_12,29,static,True,False,6.706,5.206,0.3341,14,13,1,0,16.77,14.2,0.6387,6,7,0,1,2.8
